
======================================================================
🚀 Run started at: 2025-12-02 18:08:44
🎯 Target year: ALL
📂 CVE dir: ./source/cve
📤 Output dir: ./result/existing_cve2cwe
📄 Log file: ./result/existing_cve2cwe/out.log
🔇 Quiet mode: ON
======================================================================

[⚠️ MISMATCH] CVE-1999-0084
    Original CWEs : ['269']
    TF-IDF recs   : ['1190', '648'] (scores: [0.172, 0.137])
[⚠️ MISMATCH] CVE-1999-0113
    Original CWEs : ['88']
    TF-IDF recs   : ['474', '431'] (scores: [0.196, 0.162])
[⚠️ MISMATCH] CVE-1999-0067
    Original CWEs : ['78']
    TF-IDF recs   : ['77', '553'] (scores: [0.333, 0.295])
[⚠️ MISMATCH] CVE-1999-0509
    Original CWEs : ['94']
    TF-IDF recs   : ['553'] (scores: [0.316])
[⚠️ MISMATCH] CVE-1999-0022
    Original CWEs : ['125']
    TF-IDF recs   : ['121', '680'] (scores: [0.352, 0.349])
[⚠️ MISMATCH] CVE-1999-1383
    Original CWEs : ['264']
    TF-IDF recs   : ['553'] (scores: [0.315])
[⚠️ MISMATCH] CVE-1999-0043
    Original CWEs : ['78']
    TF-IDF recs   : ['77', '553'] (scores: [0.376, 0.32])
[⚠️ MISMATCH] CVE-1999-0179
    Original CWEs : ['17']
    TF-IDF recs   : ['40'] (scores: [0.362])
[⚠️ MISMATCH] CVE-1999-0265
    Original CWEs : ['20']
    TF-IDF recs   : ['698', '412'] (scores: [0.336, 0.279])
[⚠️ MISMATCH] CVE-1999-0496
    Original CWEs : ['264']
    TF-IDF recs   : ['286', '279'] (scores: [0.194, 0.176])
[⚠️ MISMATCH] CVE-1999-0046
    Original CWEs : ['120']
    TF-IDF recs   : ['122', '680'] (scores: [0.362, 0.358])
[⚠️ MISMATCH] CVE-1999-0038
    Original CWEs : ['120']
    TF-IDF recs   : ['680', '122'] (scores: [0.343, 0.333])
[⚠️ MISMATCH] CVE-1999-0039
    Original CWEs : ['77']
    TF-IDF recs   : ['553', '564'] (scores: [0.272, 0.238])
[⚠️ MISMATCH] CVE-1999-0036
    Original CWEs : ['434']
    TF-IDF recs   : ['523', '668'] (scores: [0.15, 0.142])
[⚠️ MISMATCH] CVE-1999-0227
    Original CWEs : ['264']
    TF-IDF recs   : ['67', '617'] (scores: [0.219, 0.172])
[⚠️ MISMATCH] CVE-1999-0059
    Original CWEs : ['200']
    TF-IDF recs   : ['529', '183'] (scores: [0.206, 0.17])
[⚠️ MISMATCH] CVE-1999-0027
    Original CWEs : ['119']
    TF-IDF recs   : ['680', '122'] (scores: [0.403, 0.392])
[⚠️ MISMATCH] CVE-1999-0029
    Original CWEs : ['125']
    TF-IDF recs   : ['680', '122'] (scores: [0.403, 0.392])
[⚠️ MISMATCH] CVE-1999-1214
    Original CWEs : ['255']
    TF-IDF recs   : ['781', '782'] (scores: [0.232, 0.215])
[⚠️ MISMATCH] CVE-1999-0239
    Original CWEs : ['178']
    TF-IDF recs   : ['77', '553'] (scores: [0.259, 0.244])
[⚠️ MISMATCH] CVE-1999-0284
    Original CWEs : ['120']
    TF-IDF recs   : ['680', '122'] (scores: [0.293, 0.285])
[⚠️ MISMATCH] CVE-1999-0013
    Original CWEs : ['522']
    TF-IDF recs   : ['1259', '1268'] (scores: [0.187, 0.157])
[⚠️ MISMATCH] CVE-1999-0012
    Original CWEs : ['290']
    TF-IDF recs   : ['58', '66'] (scores: [0.239, 0.237])
[⚠️ MISMATCH] CVE-1999-0011
    Original CWEs : ['1067']
    TF-IDF recs   : ['605'] (scores: [0.385])
[⚠️ MISMATCH] CVE-1999-0069
    Original CWEs : ['119']
    TF-IDF recs   : ['680', '122'] (scores: [0.602, 0.585])
[⚠️ MISMATCH] CVE-1999-1152
    Original CWEs : ['307']
    TF-IDF recs   : ['645'] (scores: [0.251])
[⚠️ MISMATCH] CVE-1999-0783
    Original CWEs : ['59']
    TF-IDF recs   : ['62', '65'] (scores: [0.335, 0.323])
[⚠️ MISMATCH] CVE-1999-0007
    Original CWEs : ['327']
    TF-IDF recs   : ['5', '329'] (scores: [0.175, 0.161])
[⚠️ MISMATCH] CVE-1999-0006
    Original CWEs : ['125']
    TF-IDF recs   : ['122', '680'] (scores: [0.291, 0.268])

📊 Consistency Summary:
  Total CVEs with CWE: 247231
  Consistent (≥1 overlap): 89827 (36.3%)
  Inconsistent (no overlap): 157404 (63.7%)


======================================================================
🚀 Run started at: 2025-12-02 19:11:31
🎯 Target year: 2007
📂 CVE dir: ./source/cve
📤 Output dir: ./result/existing_cve2cwe
📄 Log file: ./result/existing_cve2cwe/out.log
🔇 Quiet mode: ON
======================================================================

[⚠️ MISMATCH] CVE-2007-0016
    Original CWEs : ['119']
    TF-IDF recs   : ['121'] (scores: [0.45])
[⚠️ MISMATCH] CVE-2007-0045
    Original CWEs : ['79']
    TF-IDF recs   : ['692', '86'] (scores: [0.274, 0.271])
[⚠️ MISMATCH] CVE-2007-0057
    Original CWEs : ['255']
    TF-IDF recs   : ['301', '537'] (scores: [0.225, 0.182])
[⚠️ MISMATCH] CVE-2007-0058
    Original CWEs : ['200']
    TF-IDF recs   : ['459', '304'] (scores: [0.194, 0.149])
[⚠️ MISMATCH] CVE-2007-0080
    Original CWEs : ['119']
    TF-IDF recs   : ['123', '121'] (scores: [0.178, 0.166])
[⚠️ MISMATCH] CVE-2007-0086
    Original CWEs : ['400']
    TF-IDF recs   : ['789', '650'] (scores: [0.168, 0.162])
[⚠️ MISMATCH] CVE-2007-0099
    Original CWEs : ['362']
    TF-IDF recs   : ['112', '611'] (scores: [0.259, 0.238])
[⚠️ MISMATCH] CVE-2007-0102
    Original CWEs : ['20']
    TF-IDF recs   : ['835'] (scores: [0.205])
[⚠️ MISMATCH] CVE-2007-0103
    Original CWEs : ['20']
    TF-IDF recs   : ['835'] (scores: [0.213])
[⚠️ MISMATCH] CVE-2007-0104
    Original CWEs : ['20']
    TF-IDF recs   : ['835'] (scores: [0.206])
[⚠️ MISMATCH] CVE-2007-0126
    Original CWEs : ['119']
    TF-IDF recs   : ['122', '121'] (scores: [0.38, 0.302])
[⚠️ MISMATCH] CVE-2007-0127
    Original CWEs : ['94']
    TF-IDF recs   : ['441', '598'] (scores: [0.199, 0.181])
[⚠️ MISMATCH] CVE-2007-0134
    Original CWEs : ['94']
    TF-IDF recs   : ['98'] (scores: [0.314])
[⚠️ MISMATCH] CVE-2007-0028
    Original CWEs : ['20']
    TF-IDF recs   : ['148', '1088'] (scores: [0.178, 0.165])
[⚠️ MISMATCH] CVE-2007-0034
    Original CWEs : ['119']
    TF-IDF recs   : ['680', '122'] (scores: [0.188, 0.172])
[⚠️ MISMATCH] CVE-2007-0160
    Original CWEs : ['119']
    TF-IDF recs   : ['121'] (scores: [0.336])
[⚠️ MISMATCH] CVE-2007-0197
    Original CWEs : ['20']
    TF-IDF recs   : ['594', '1088'] (scores: [0.134, 0.122])
[⚠️ MISMATCH] CVE-2007-0169
    Original CWEs : ['119']
    TF-IDF recs   : ['1336', '1088'] (scores: [0.145, 0.117])
[⚠️ MISMATCH] CVE-2007-0205
    Original CWEs : ['22']
    TF-IDF recs   : ['98'] (scores: [0.397])
[⚠️ MISMATCH] CVE-2007-0229
    Original CWEs : ['189']
    TF-IDF recs   : ['680', '122'] (scores: [0.4, 0.366])
[⚠️ MISMATCH] CVE-2007-0230
    Original CWEs : ['94']
    TF-IDF recs   : ['98'] (scores: [0.496])
[⚠️ MISMATCH] CVE-2007-0235
    Original CWEs : ['119']
    TF-IDF recs   : ['121'] (scores: [0.407])
[⚠️ MISMATCH] CVE-2007-0236
    Original CWEs : ['119']
    TF-IDF recs   : ['122', '121'] (scores: [0.292, 0.242])
[⚠️ MISMATCH] CVE-2007-0247
    Original CWEs : ['399']
    TF-IDF recs   : ['220', '528'] (scores: [0.276, 0.229])
[⚠️ MISMATCH] CVE-2007-0259
    Original CWEs : ['200']
    TF-IDF recs   : ['209', '211'] (scores: [0.306, 0.264])
[⚠️ MISMATCH] CVE-2007-0014
    Original CWEs : ['310']
    TF-IDF recs   : ['492'] (scores: [0.315])
[⚠️ MISMATCH] CVE-2007-0267
    Original CWEs : ['399']
    TF-IDF recs   : ['589', '828'] (scores: [0.146, 0.111])
[⚠️ MISMATCH] CVE-2007-0270
    Original CWEs : ['119']
    TF-IDF recs   : ['680', '122'] (scores: [0.212, 0.206])
[⚠️ MISMATCH] CVE-2007-0272
    Original CWEs : ['119']
    TF-IDF recs   : ['1088', '564'] (scores: [0.137, 0.112])
[⚠️ MISMATCH] CVE-2007-0243
    Original CWEs : ['119']
    TF-IDF recs   : ['680', '122'] (scores: [0.188, 0.172])
    ... (more mismatches in CVE-2007, suppressed)

📊 Consistency Summary:
  Total CVEs with CWE: 2697
  Consistent (≥1 overlap): 654 (24.2%)
  Inconsistent (no overlap): 2043 (75.8%)


======================================================================
🚀 Run started at: 2025-12-11 15:09:27
🎯 Target year: ALL
📂 CVE dir: ./source/cve
📤 Output dir: ./result/existing_cve2cwe
📄 Log file: ./result/existing_cve2cwe/out.log
🔇 Quiet mode: ON
======================================================================

[⚠️ MISMATCH] CVE-1999-0084
    Original CWEs : ['269']
    TF-IDF recs   : ['1190', '648'] (scores: [0.172, 0.137])
[⚠️ MISMATCH] CVE-1999-0113
    Original CWEs : ['88']
    TF-IDF recs   : ['474', '431'] (scores: [0.196, 0.162])
[⚠️ MISMATCH] CVE-1999-0067
    Original CWEs : ['78']
    TF-IDF recs   : ['77', '553'] (scores: [0.333, 0.295])
[⚠️ MISMATCH] CVE-1999-0509
    Original CWEs : ['94']
    TF-IDF recs   : ['553'] (scores: [0.316])
[⚠️ MISMATCH] CVE-1999-0022
    Original CWEs : ['125']
    TF-IDF recs   : ['121', '680'] (scores: [0.352, 0.349])
[⚠️ MISMATCH] CVE-1999-1383
    Original CWEs : ['264']
    TF-IDF recs   : ['553'] (scores: [0.315])
[⚠️ MISMATCH] CVE-1999-0043
    Original CWEs : ['78']
    TF-IDF recs   : ['77', '553'] (scores: [0.376, 0.32])
[⚠️ MISMATCH] CVE-1999-0179
    Original CWEs : ['17']
    TF-IDF recs   : ['40'] (scores: [0.362])
[⚠️ MISMATCH] CVE-1999-0265
    Original CWEs : ['20']
    TF-IDF recs   : ['698', '412'] (scores: [0.336, 0.279])
[⚠️ MISMATCH] CVE-1999-0496
    Original CWEs : ['264']
    TF-IDF recs   : ['286', '279'] (scores: [0.194, 0.176])
[⚠️ MISMATCH] CVE-1999-0046
    Original CWEs : ['120']
    TF-IDF recs   : ['122', '680'] (scores: [0.362, 0.358])
[⚠️ MISMATCH] CVE-1999-0038
    Original CWEs : ['120']
    TF-IDF recs   : ['680', '122'] (scores: [0.343, 0.333])
[⚠️ MISMATCH] CVE-1999-0039
    Original CWEs : ['77']
    TF-IDF recs   : ['553', '564'] (scores: [0.272, 0.238])
[⚠️ MISMATCH] CVE-1999-0036
    Original CWEs : ['434']
    TF-IDF recs   : ['523', '668'] (scores: [0.15, 0.142])
[⚠️ MISMATCH] CVE-1999-0227
    Original CWEs : ['264']
    TF-IDF recs   : ['67', '617'] (scores: [0.219, 0.172])
[⚠️ MISMATCH] CVE-1999-0059
    Original CWEs : ['200']
    TF-IDF recs   : ['529', '183'] (scores: [0.206, 0.17])
[⚠️ MISMATCH] CVE-1999-0027
    Original CWEs : ['119']
    TF-IDF recs   : ['680', '122'] (scores: [0.403, 0.392])
[⚠️ MISMATCH] CVE-1999-0029
    Original CWEs : ['125']
    TF-IDF recs   : ['680', '122'] (scores: [0.403, 0.392])
[⚠️ MISMATCH] CVE-1999-1214
    Original CWEs : ['255']
    TF-IDF recs   : ['781', '782'] (scores: [0.232, 0.215])
[⚠️ MISMATCH] CVE-1999-0239
    Original CWEs : ['178']
    TF-IDF recs   : ['77', '553'] (scores: [0.259, 0.244])
[⚠️ MISMATCH] CVE-1999-0284
    Original CWEs : ['120']
    TF-IDF recs   : ['680', '122'] (scores: [0.293, 0.285])
[⚠️ MISMATCH] CVE-1999-0013
    Original CWEs : ['522']
    TF-IDF recs   : ['1259', '1268'] (scores: [0.187, 0.157])
[⚠️ MISMATCH] CVE-1999-0012
    Original CWEs : ['290']
    TF-IDF recs   : ['58', '66'] (scores: [0.239, 0.237])
[⚠️ MISMATCH] CVE-1999-0011
    Original CWEs : ['1067']
    TF-IDF recs   : ['605'] (scores: [0.385])
[⚠️ MISMATCH] CVE-1999-0069
    Original CWEs : ['119']
    TF-IDF recs   : ['680', '122'] (scores: [0.602, 0.585])
[⚠️ MISMATCH] CVE-1999-1152
    Original CWEs : ['307']
    TF-IDF recs   : ['645'] (scores: [0.251])
[⚠️ MISMATCH] CVE-1999-0783
    Original CWEs : ['59']
    TF-IDF recs   : ['62', '65'] (scores: [0.335, 0.323])
[⚠️ MISMATCH] CVE-1999-0007
    Original CWEs : ['327']
    TF-IDF recs   : ['5', '329'] (scores: [0.175, 0.161])
[⚠️ MISMATCH] CVE-1999-0006
    Original CWEs : ['125']
    TF-IDF recs   : ['122', '680'] (scores: [0.291, 0.268])
[⚠️ MISMATCH] CVE-1999-1136
    Original CWEs : ['200']
    TF-IDF recs   : ['149', '669'] (scores: [0.106, 0.095])
    ... (more mismatches in CVE-1999, suppressed)
[⚠️ MISMATCH] CVE-2000-1216
    Original CWEs : ['120']
    TF-IDF recs   : ['122', '680'] (scores: [0.321, 0.287])
[⚠️ MISMATCH] CVE-2000-0132
    Original CWEs : ['200']
    TF-IDF recs   : ['1087', '1088'] (scores: [0.178, 0.178])
[⚠️ MISMATCH] CVE-2000-0155
    Original CWEs : ['94']
    TF-IDF recs   : ['69', '58'] (scores: [0.174, 0.17])
[⚠️ MISMATCH] CVE-2000-0219
    Original CWEs : ['264']
    TF-IDF recs   : ['640', '260'] (scores: [0.308, 0.233])
[⚠️ MISMATCH] CVE-2000-0277
    Original CWEs : ['254']
    TF-IDF recs   : ['152', '356'] (scores: [0.287, 0.245])
[⚠️ MISMATCH] CVE-2000-0258
    Original CWEs : ['20']
    TF-IDF recs   : ['168', '1088'] (scores: [0.179, 0.168])
[⚠️ MISMATCH] CVE-2000-1218
    Original CWEs : ['346']
    TF-IDF recs   : ['350'] (scores: [0.314])
[⚠️ MISMATCH] CVE-2000-0338
    Original CWEs : ['667']
    TF-IDF recs   : ['379', '377'] (scores: [0.296, 0.236])
[⚠️ MISMATCH] CVE-2000-0380
    Original CWEs : ['20']
    TF-IDF recs   : ['647', '1088'] (scores: [0.194, 0.183])
[⚠️ MISMATCH] CVE-2000-0342
    Original CWEs : ['59']
    TF-IDF recs   : ['357'] (scores: [0.257])
[⚠️ MISMATCH] CVE-2000-0400
    Original CWEs : ['20']
    TF-IDF recs   : ['623', '618'] (scores: [0.226, 0.166])
[⚠️ MISMATCH] CVE-2000-0305
    Original CWEs : ['399']
    TF-IDF recs   : ['58', '422'] (scores: [0.274, 0.21])
[⚠️ MISMATCH] CVE-2000-0552
    Original CWEs : ['459']
    TF-IDF recs   : ['379', '377'] (scores: [0.311, 0.227])
[⚠️ MISMATCH] CVE-2000-0497
    Original CWEs : ['178']
    TF-IDF recs   : ['540', '430'] (scores: [0.228, 0.182])
[⚠️ MISMATCH] CVE-2000-0498
    Original CWEs : ['178']
    TF-IDF recs   : ['540', '430'] (scores: [0.199, 0.185])
[⚠️ MISMATCH] CVE-2000-0499
    Original CWEs : ['178']
    TF-IDF recs   : ['540', '430'] (scores: [0.192, 0.178])
[⚠️ MISMATCH] CVE-2000-0546
    Original CWEs : ['120']
    TF-IDF recs   : ['680', '121'] (scores: [0.282, 0.275])
[⚠️ MISMATCH] CVE-2000-0547
    Original CWEs : ['120']
    TF-IDF recs   : ['680', '121'] (scores: [0.282, 0.275])
[⚠️ MISMATCH] CVE-2000-0548
    Original CWEs : ['120']
    TF-IDF recs   : ['680', '121'] (scores: [0.282, 0.275])
[⚠️ MISMATCH] CVE-2000-0588
    Original CWEs : ['200']
    TF-IDF recs   : ['548', '1088'] (scores: [0.188, 0.142])
[⚠️ MISMATCH] CVE-2000-0589
    Original CWEs : ['310']
    TF-IDF recs   : ['640', '261'] (scores: [0.237, 0.232])
[⚠️ MISMATCH] CVE-2000-0649
    Original CWEs : ['200']
    TF-IDF recs   : ['291', '1327'] (scores: [0.347, 0.294])
[⚠️ MISMATCH] CVE-2000-0715
    Original CWEs : ['59']
    TF-IDF recs   : ['379', '377'] (scores: [0.322, 0.319])
[⚠️ MISMATCH] CVE-2000-0844
    Original CWEs : ['264']
    TF-IDF recs   : ['564', '134'] (scores: [0.201, 0.19])
[⚠️ MISMATCH] CVE-2000-0864
    Original CWEs : ['362']
    TF-IDF recs   : ['368', '363'] (scores: [0.218, 0.19])
[⚠️ MISMATCH] CVE-2000-0876
    Original CWEs : ['200']
    TF-IDF recs   : ['209', '550'] (scores: [0.322, 0.276])
[⚠️ MISMATCH] CVE-2000-0944
    Original CWEs : ['522']
    TF-IDF recs   : ['640', '261'] (scores: [0.466, 0.455])
[⚠️ MISMATCH] CVE-2000-0972
    Original CWEs : ['59']
    TF-IDF recs   : ['384', '6'] (scores: [0.369, 0.319])
[⚠️ MISMATCH] CVE-2000-1094
    Original CWEs : ['120']
    TF-IDF recs   : ['78', '680'] (scores: [0.292, 0.258])
[⚠️ MISMATCH] CVE-2000-1117
    Original CWEs : ['203']
    TF-IDF recs   : ['602', '603'] (scores: [0.198, 0.187])
    ... (more mismatches in CVE-2000, suppressed)
[⚠️ MISMATCH] CVE-2001-1473
    Original CWEs : ['310']
    TF-IDF recs   : ['6', '1291'] (scores: [0.396, 0.288])
[⚠️ MISMATCH] CVE-2001-0006
    Original CWEs : ['732']
    TF-IDF recs   : ['281', '279'] (scores: [0.279, 0.226])
[⚠️ MISMATCH] CVE-2001-0103
    Original CWEs : ['310']
    TF-IDF recs   : ['549', '257'] (scores: [0.234, 0.184])
[⚠️ MISMATCH] CVE-2001-0041
    Original CWEs : ['399']
    TF-IDF recs   : ['307'] (scores: [0.212])
[⚠️ MISMATCH] CVE-2001-0054
    Original CWEs : ['22']
    TF-IDF recs   : ['220', '55'] (scores: [0.259, 0.211])
[⚠️ MISMATCH] CVE-2001-0131
    Original CWEs : ['59']
    TF-IDF recs   : ['552', '56'] (scores: [0.147, 0.129])
[⚠️ MISMATCH] CVE-2001-0136
    Original CWEs : ['401']
    TF-IDF recs   : ['789', '1088'] (scores: [0.15, 0.141])
[⚠️ MISMATCH] CVE-2001-0925
    Original CWEs : ['22']
    TF-IDF recs   : ['113', '41'] (scores: [0.263, 0.191])
[⚠️ MISMATCH] CVE-2001-0195
    Original CWEs : ['281']
    TF-IDF recs   : ['640', '1250'] (scores: [0.177, 0.153])
[⚠️ MISMATCH] CVE-2001-1391
    Original CWEs : ['193']
    TF-IDF recs   : ['622', '591'] (scores: [0.131, 0.106])
[⚠️ MISMATCH] CVE-2001-0153
    Original CWEs : ['119']
    TF-IDF recs   : ['680', '122'] (scores: [0.241, 0.234])
[⚠️ MISMATCH] CVE-2001-0191
    Original CWEs : ['120']
    TF-IDF recs   : ['1004', '784'] (scores: [0.348, 0.257])
[⚠️ MISMATCH] CVE-2001-0307
    Original CWEs : ['94']
    TF-IDF recs   : ['113', '650'] (scores: [0.346, 0.297])
[⚠️ MISMATCH] CVE-2001-0308
    Original CWEs : ['94']
    TF-IDF recs   : ['434', '78'] (scores: [0.227, 0.19])
[⚠️ MISMATCH] CVE-2001-1323
    Original CWEs : ['120']
    TF-IDF recs   : ['785', '680'] (scores: [0.221, 0.191])
[⚠️ MISMATCH] CVE-2001-1339
    Original CWEs : ['307']
    TF-IDF recs   : ['257', '1391'] (scores: [0.262, 0.199])
[⚠️ MISMATCH] CVE-2001-0781
    Original CWEs : ['284']
    TF-IDF recs   : ['680', '122'] (scores: [0.257, 0.25])
[⚠️ MISMATCH] CVE-2001-0150
    Original CWEs : ['88']
    TF-IDF recs   : ['78', '214'] (scores: [0.227, 0.208])
[⚠️ MISMATCH] CVE-2001-0248
    Original CWEs : ['131']
    TF-IDF recs   : ['78', '680'] (scores: [0.212, 0.2])
[⚠️ MISMATCH] CVE-2001-0249
    Original CWEs : ['131']
    TF-IDF recs   : ['78', '58'] (scores: [0.211, 0.189])
[⚠️ MISMATCH] CVE-2001-0427
    Original CWEs : ['20']
    TF-IDF recs   : ['645', '523'] (scores: [0.177, 0.169])
[⚠️ MISMATCH] CVE-2001-0334
    Original CWEs : ['131']
    TF-IDF recs   : ['1088', '617'] (scores: [0.153, 0.145])
[⚠️ MISMATCH] CVE-2001-0361
    Original CWEs : ['310']
    TF-IDF recs   : ['1328', '439'] (scores: [0.399, 0.392])
[⚠️ MISMATCH] CVE-2001-1246
    Original CWEs : ['88']
    TF-IDF recs   : ['98', '553'] (scores: [0.244, 0.197])
[⚠️ MISMATCH] CVE-2001-1043
    Original CWEs : ['59']
    TF-IDF recs   : ['552', '61'] (scores: [0.273, 0.229])
[⚠️ MISMATCH] CVE-2001-1386
    Original CWEs : ['59']
    TF-IDF recs   : ['646', '433'] (scores: [0.263, 0.225])
[⚠️ MISMATCH] CVE-2001-0395
    Original CWEs : ['307']
    TF-IDF recs   : ['1391', '645'] (scores: [0.199, 0.198])
[⚠️ MISMATCH] CVE-2001-1042
    Original CWEs : ['59']
    TF-IDF recs   : ['61', '552'] (scores: [0.25, 0.244])
[⚠️ MISMATCH] CVE-2001-1291
    Original CWEs : ['307']
    TF-IDF recs   : ['261', '521'] (scores: [0.248, 0.224])
[⚠️ MISMATCH] CVE-2001-1238
    Original CWEs : ['178']
    TF-IDF recs   : ['1057', '214'] (scores: [0.124, 0.123])
    ... (more mismatches in CVE-2001, suppressed)
[⚠️ MISMATCH] CVE-2002-0012
    Original CWEs : ['264']
    TF-IDF recs   : ['1339', '1245'] (scores: [0.147, 0.144])
[⚠️ MISMATCH] CVE-2002-0013
    Original CWEs : ['264']
    TF-IDF recs   : ['1339', '1245'] (scores: [0.142, 0.14])
[⚠️ MISMATCH] CVE-2002-0049
    Original CWEs : ['269']
    TF-IDF recs   : ['314', '322'] (scores: [0.264, 0.217])
[⚠️ MISMATCH] CVE-2002-0053
    Original CWEs : ['119']
    TF-IDF recs   : ['58', '67'] (scores: [0.23, 0.216])
[⚠️ MISMATCH] CVE-2002-0054
    Original CWEs : ['294']
    TF-IDF recs   : ['322', '384'] (scores: [0.19, 0.153])
[⚠️ MISMATCH] CVE-2002-0055
    Original CWEs : ['669']
    TF-IDF recs   : ['67', '58'] (scores: [0.207, 0.157])
[⚠️ MISMATCH] CVE-2002-0062
    Original CWEs : ['120']
    TF-IDF recs   : ['680', '122'] (scores: [0.241, 0.234])
[⚠️ MISMATCH] CVE-2002-0070
    Original CWEs : ['119']
    TF-IDF recs   : ['939', '680'] (scores: [0.284, 0.202])
[⚠️ MISMATCH] CVE-2002-0080
    Original CWEs : ['269']
    TF-IDF recs   : ['271', '842'] (scores: [0.265, 0.242])
[⚠️ MISMATCH] CVE-2002-0083
    Original CWEs : ['193']
    TF-IDF recs   : ['1088', '940'] (scores: [0.207, 0.183])
[⚠️ MISMATCH] CVE-2002-0061
    Original CWEs : ['78']
    TF-IDF recs   : ['553'] (scores: [0.289])
[⚠️ MISMATCH] CVE-2002-0051
    Original CWEs : ['667']
    TF-IDF recs   : ['842'] (scores: [0.396])
[⚠️ MISMATCH] CVE-2002-0184
    Original CWEs : ['131']
    TF-IDF recs   : ['122', '121'] (scores: [0.422, 0.366])
[⚠️ MISMATCH] CVE-2002-0208
    Original CWEs : ['203']
    TF-IDF recs   : ['291', '210'] (scores: [0.185, 0.169])
[⚠️ MISMATCH] CVE-2002-0368
    Original CWEs : ['400']
    TF-IDF recs   : ['614', '1275'] (scores: [0.134, 0.13])
[⚠️ MISMATCH] CVE-2002-0596
    Original CWEs : ['200']
    TF-IDF recs   : ['918', '550'] (scores: [0.292, 0.284])
[⚠️ MISMATCH] CVE-2002-0146
    Original CWEs : ['20']
    TF-IDF recs   : ['602', '799'] (scores: [0.185, 0.184])
[⚠️ MISMATCH] CVE-2002-0367
    Original CWEs : ['269']
    TF-IDF recs   : ['422', '58'] (scores: [0.172, 0.17])
[⚠️ MISMATCH] CVE-2002-0563
    Original CWEs : ['287']
    TF-IDF recs   : ['600', '488'] (scores: [0.31, 0.286])
[⚠️ MISMATCH] CVE-2002-0574
    Original CWEs : ['401']
    TF-IDF recs   : ['911'] (scores: [0.233])
[⚠️ MISMATCH] CVE-2002-0653
    Original CWEs : ['193']
    TF-IDF recs   : ['121', '680'] (scores: [0.221, 0.219])
[⚠️ MISMATCH] CVE-2002-0704
    Original CWEs : ['212']
    TF-IDF recs   : ['291', '1327'] (scores: [0.262, 0.227])
[⚠️ MISMATCH] CVE-2002-0391
    Original CWEs : ['190']
    TF-IDF recs   : ['234', '680'] (scores: [0.287, 0.263])
[⚠️ MISMATCH] CVE-2002-0419
    Original CWEs : ['200']
    TF-IDF recs   : ['603', '291'] (scores: [0.314, 0.288])
[⚠️ MISMATCH] CVE-2002-0422
    Original CWEs : ['200']
    TF-IDF recs   : ['291', '1327'] (scores: [0.382, 0.321])
[⚠️ MISMATCH] CVE-2002-0485
    Original CWEs : ['178']
    TF-IDF recs   : ['1324', '436'] (scores: [0.15, 0.142])
[⚠️ MISMATCH] CVE-2002-0493
    Original CWEs : ['254']
    TF-IDF recs   : ['112', '611'] (scores: [0.232, 0.214])
[⚠️ MISMATCH] CVE-2002-0495
    Original CWEs : ['94']
    TF-IDF recs   : ['555', '13'] (scores: [0.171, 0.166])
[⚠️ MISMATCH] CVE-2002-0507
    Original CWEs : ['287']
    TF-IDF recs   : ['640', '620'] (scores: [0.212, 0.194])
[⚠️ MISMATCH] CVE-2002-0514
    Original CWEs : ['203']
    TF-IDF recs   : ['605', '1188'] (scores: [0.198, 0.17])
    ... (more mismatches in CVE-2002, suppressed)
[⚠️ MISMATCH] CVE-2003-0001
    Original CWEs : ['200']
    TF-IDF recs   : ['158', '291'] (scores: [0.134, 0.125])
[⚠️ MISMATCH] CVE-2003-0041
    Original CWEs : ['78']
    TF-IDF recs   : ['220', '603'] (scores: [0.234, 0.206])
[⚠️ MISMATCH] CVE-2003-0078
    Original CWEs : ['203']
    TF-IDF recs   : ['780', '208'] (scores: [0.272, 0.205])
[⚠️ MISMATCH] CVE-2003-0095
    Original CWEs : ['119']
    TF-IDF recs   : ['603', '122'] (scores: [0.217, 0.198])
[⚠️ MISMATCH] CVE-2003-0096
    Original CWEs : ['119']
    TF-IDF recs   : ['560', '58'] (scores: [0.207, 0.196])
[⚠️ MISMATCH] CVE-2003-0132
    Original CWEs : ['772']
    TF-IDF recs   : ['1325'] (scores: [0.219])
[⚠️ MISMATCH] CVE-2003-0174
    Original CWEs : ['346']
    TF-IDF recs   : ['90'] (scores: [0.386])
[⚠️ MISMATCH] CVE-2003-0190
    Original CWEs : ['203']
    TF-IDF recs   : ['550', '209'] (scores: [0.188, 0.187])
[⚠️ MISMATCH] CVE-2003-0216
    Original CWEs : ['287']
    TF-IDF recs   : ['640', '260'] (scores: [0.254, 0.228])
[⚠️ MISMATCH] CVE-2003-0218
    Original CWEs : ['119']
    TF-IDF recs   : ['680', '122'] (scores: [0.232, 0.226])
[⚠️ MISMATCH] CVE-2003-0222
    Original CWEs : ['119']
    TF-IDF recs   : ['121'] (scores: [0.362])
[⚠️ MISMATCH] CVE-2003-0227
    Original CWEs : ['119']
    TF-IDF recs   : ['67', '58'] (scores: [0.158, 0.145])
[⚠️ MISMATCH] CVE-2003-0356
    Original CWEs : ['193']
    TF-IDF recs   : ['1088', '564'] (scores: [0.164, 0.149])
[⚠️ MISMATCH] CVE-2003-0358
    Original CWEs : ['120']
    TF-IDF recs   : ['121', '122'] (scores: [0.233, 0.221])
[⚠️ MISMATCH] CVE-2003-0286
    Original CWEs : ['89']
    TF-IDF recs   : ['564'] (scores: [0.32])
[⚠️ MISMATCH] CVE-2003-0372
    Original CWEs : ['189']
    TF-IDF recs   : ['528'] (scores: [0.241])
[⚠️ MISMATCH] CVE-2003-0373
    Original CWEs : ['119']
    TF-IDF recs   : ['560', '687'] (scores: [0.279, 0.199])
[⚠️ MISMATCH] CVE-2003-0411
    Original CWEs : ['178']
    TF-IDF recs   : ['433', '430'] (scores: [0.191, 0.184])
[⚠️ MISMATCH] CVE-2003-0367
    Original CWEs : ['20']
    TF-IDF recs   : ['377', '378'] (scores: [0.346, 0.3])
[⚠️ MISMATCH] CVE-2003-0395
    Original CWEs : ['94']
    TF-IDF recs   : ['98'] (scores: [0.386])
[⚠️ MISMATCH] CVE-2003-0497
    Original CWEs : ['264']
    TF-IDF recs   : ['524'] (scores: [0.313])
[⚠️ MISMATCH] CVE-2003-0498
    Original CWEs : ['94']
    TF-IDF recs   : ['277', '278'] (scores: [0.209, 0.205])
[⚠️ MISMATCH] CVE-2003-0252
    Original CWEs : ['193']
    TF-IDF recs   : ['1088', '827'] (scores: [0.16, 0.141])
[⚠️ MISMATCH] CVE-2003-0456
    Original CWEs : ['200']
    TF-IDF recs   : ['550', '209'] (scores: [0.28, 0.236])
[⚠️ MISMATCH] CVE-2003-0517
    Original CWEs : ['59']
    TF-IDF recs   : ['552', '668'] (scores: [0.23, 0.19])
[⚠️ MISMATCH] CVE-2003-0567
    Original CWEs : ['20']
    TF-IDF recs   : ['67', '1191'] (scores: [0.173, 0.168])
[⚠️ MISMATCH] CVE-2003-0578
    Original CWEs : ['59']
    TF-IDF recs   : ['552', '62'] (scores: [0.18, 0.164])
[⚠️ MISMATCH] CVE-2003-0230
    Original CWEs : ['264']
    TF-IDF recs   : ['89', '564'] (scores: [0.222, 0.161])
[⚠️ MISMATCH] CVE-2003-0466
    Original CWEs : ['193']
    TF-IDF recs   : ['805', '680'] (scores: [0.232, 0.221])
[⚠️ MISMATCH] CVE-2003-0512
    Original CWEs : ['310']
    TF-IDF recs   : ['261', '640'] (scores: [0.212, 0.189])
    ... (more mismatches in CVE-2003, suppressed)
[⚠️ MISMATCH] CVE-2004-0030
    Original CWEs : ['829']
    TF-IDF recs   : ['98'] (scores: [0.556])
[⚠️ MISMATCH] CVE-2004-1759
    Original CWEs : ['399']
    TF-IDF recs   : ['605'] (scores: [0.296])
[⚠️ MISMATCH] CVE-2004-1760
    Original CWEs : ['287']
    TF-IDF recs   : ['1393', '1188'] (scores: [0.182, 0.178])
[⚠️ MISMATCH] CVE-2004-0041
    Original CWEs : ['264']
    TF-IDF recs   : ['640', '69'] (scores: [0.212, 0.21])
[⚠️ MISMATCH] CVE-2004-0067
    Original CWEs : ['79']
    TF-IDF recs   : ['98'] (scores: [0.501])
[⚠️ MISMATCH] CVE-2004-0005
    Original CWEs : ['193']
    TF-IDF recs   : ['626', '158'] (scores: [0.446, 0.419])
[⚠️ MISMATCH] CVE-2004-1852
    Original CWEs : ['319']
    TF-IDF recs   : ['1088', '8'] (scores: [0.3, 0.235])
[⚠️ MISMATCH] CVE-2004-1875
    Original CWEs : ['79']
    TF-IDF recs   : ['838', '80'] (scores: [0.19, 0.166])
[⚠️ MISMATCH] CVE-2004-1923
    Original CWEs : ['200']
    TF-IDF recs   : ['98'] (scores: [0.461])
[⚠️ MISMATCH] CVE-2004-1924
    Original CWEs : ['79']
    TF-IDF recs   : ['98', '473'] (scores: [0.418, 0.296])
[⚠️ MISMATCH] CVE-2004-1926
    Original CWEs : ['94']
    TF-IDF recs   : ['1088', '177'] (scores: [0.14, 0.129])
[⚠️ MISMATCH] CVE-2004-1927
    Original CWEs : ['22']
    TF-IDF recs   : ['29', '33'] (scores: [0.252, 0.229])
[⚠️ MISMATCH] CVE-2004-1925
    Original CWEs : ['89']
    TF-IDF recs   : ['98'] (scores: [0.539])
[⚠️ MISMATCH] CVE-2004-1928
    Original CWEs : ['20']
    TF-IDF recs   : ['434'] (scores: [0.372])
[⚠️ MISMATCH] CVE-2004-0121
    Original CWEs : ['88']
    TF-IDF recs   : ['233', '1088'] (scores: [0.147, 0.146])
[⚠️ MISMATCH] CVE-2004-0150
    Original CWEs : ['120']
    TF-IDF recs   : ['350', '122'] (scores: [0.256, 0.241])
[⚠️ MISMATCH] CVE-2004-0217
    Original CWEs : ['59']
    TF-IDF recs   : ['117', '532'] (scores: [0.123, 0.105])
[⚠️ MISMATCH] CVE-2004-1992
    Original CWEs : ['119']
    TF-IDF recs   : ['680', '122'] (scores: [0.219, 0.213])
[⚠️ MISMATCH] CVE-2004-1967
    Original CWEs : ['352']
    TF-IDF recs   : ['98'] (scores: [0.463])
[⚠️ MISMATCH] CVE-2004-1991
    Original CWEs : ['22']
    TF-IDF recs   : ['113', '55'] (scores: [0.307, 0.263])
[⚠️ MISMATCH] CVE-2004-0174
    Original CWEs : ['667']
    TF-IDF recs   : ['617', '1072'] (scores: [0.184, 0.18])
[⚠️ MISMATCH] CVE-2004-0220
    Original CWEs : ['119']
    TF-IDF recs   : ['941', '191'] (scores: [0.164, 0.144])
[⚠️ MISMATCH] CVE-2004-0222
    Original CWEs : ['401']
    TF-IDF recs   : ['1325', '825'] (scores: [0.183, 0.16])
[⚠️ MISMATCH] CVE-2004-0365
    Original CWEs : ['476']
    TF-IDF recs   : ['941', '690'] (scores: [0.193, 0.19])
[⚠️ MISMATCH] CVE-2004-0368
    Original CWEs : ['119']
    TF-IDF recs   : ['415'] (scores: [0.312])
[⚠️ MISMATCH] CVE-2004-1354
    Original CWEs : ['22']
    TF-IDF recs   : ['210', '379'] (scores: [0.215, 0.182])
[⚠️ MISMATCH] CVE-2004-0119
    Original CWEs : ['476']
    TF-IDF recs   : ['58', '67'] (scores: [0.194, 0.184])
[⚠️ MISMATCH] CVE-2004-0123
    Original CWEs : ['119']
    TF-IDF recs   : ['58', '415'] (scores: [0.252, 0.223])
[⚠️ MISMATCH] CVE-2004-0398
    Original CWEs : ['787']
    TF-IDF recs   : ['122', '121'] (scores: [0.385, 0.319])
[⚠️ MISMATCH] CVE-2004-0411
    Original CWEs : ['88']
    TF-IDF recs   : ['86', '84'] (scores: [0.195, 0.168])
    ... (more mismatches in CVE-2004, suppressed)
[⚠️ MISMATCH] CVE-2005-0116
    Original CWEs : ['20']
    TF-IDF recs   : ['553', '564'] (scores: [0.262, 0.229])
[⚠️ MISMATCH] CVE-2005-0102
    Original CWEs : ['190']
    TF-IDF recs   : ['680'] (scores: [0.447])
[⚠️ MISMATCH] CVE-2005-0103
    Original CWEs : ['94']
    TF-IDF recs   : ['98'] (scores: [0.481])
[⚠️ MISMATCH] CVE-2005-0406
    Original CWEs : ['212']
    TF-IDF recs   : ['804', '1291'] (scores: [0.196, 0.176])
[⚠️ MISMATCH] CVE-2005-0408
    Original CWEs : ['916']
    TF-IDF recs   : ['798', '259'] (scores: [0.222, 0.214])
[⚠️ MISMATCH] CVE-2005-0543
    Original CWEs : ['79']
    TF-IDF recs   : ['98', '473'] (scores: [0.402, 0.303])
[⚠️ MISMATCH] CVE-2005-0177
    Original CWEs : ['119']
    TF-IDF recs   : ['131', '806'] (scores: [0.275, 0.262])
[⚠️ MISMATCH] CVE-2005-0720
    Original CWEs : ['94']
    TF-IDF recs   : ['98'] (scores: [0.516])
[⚠️ MISMATCH] CVE-2005-0748
    Original CWEs : ['94']
    TF-IDF recs   : ['98'] (scores: [0.469])
[⚠️ MISMATCH] CVE-2005-0504
    Original CWEs : ['119']
    TF-IDF recs   : ['805', '121'] (scores: [0.313, 0.257])
[⚠️ MISMATCH] CVE-2005-0797
    Original CWEs : ['200']
    TF-IDF recs   : ['210', '550'] (scores: [0.234, 0.219])
[⚠️ MISMATCH] CVE-2005-0587
    Original CWEs : ['59']
    TF-IDF recs   : ['61', '646'] (scores: [0.23, 0.21])
[⚠️ MISMATCH] CVE-2005-0351
    Original CWEs : ['119']
    TF-IDF recs   : ['526', '121'] (scores: [0.347, 0.273])
[⚠️ MISMATCH] CVE-2005-0004
    Original CWEs : ['59']
    TF-IDF recs   : ['377', '378'] (scores: [0.411, 0.358])
[⚠️ MISMATCH] CVE-2005-1126
    Original CWEs : ['399']
    TF-IDF recs   : ['782', '781'] (scores: [0.276, 0.227])
[⚠️ MISMATCH] CVE-2005-1141
    Original CWEs : ['190']
    TF-IDF recs   : ['680', '122'] (scores: [0.472, 0.441])
[⚠️ MISMATCH] CVE-2005-0413
    Original CWEs : ['89']
    TF-IDF recs   : ['98', '564'] (scores: [0.395, 0.291])
[⚠️ MISMATCH] CVE-2005-0050
    Original CWEs : ['20']
    TF-IDF recs   : ['67', '778'] (scores: [0.212, 0.199])
[⚠️ MISMATCH] CVE-2005-0197
    Original CWEs : ['16']
    TF-IDF recs   : ['67', '270'] (scores: [0.157, 0.143])
[⚠️ MISMATCH] CVE-2005-0199
    Original CWEs : ['191']
    TF-IDF recs   : ['680', '805'] (scores: [0.285, 0.219])
[⚠️ MISMATCH] CVE-2005-0200
    Original CWEs : ['20']
    TF-IDF recs   : ['98', '616'] (scores: [0.245, 0.223])
[⚠️ MISMATCH] CVE-2005-0209
    Original CWEs : ['20']
    TF-IDF recs   : ['941', '1088'] (scores: [0.143, 0.135])
[⚠️ MISMATCH] CVE-2005-0210
    Original CWEs : ['399']
    TF-IDF recs   : ['415', '1325'] (scores: [0.186, 0.185])
[⚠️ MISMATCH] CVE-2005-0211
    Original CWEs : ['119']
    TF-IDF recs   : ['805', '130'] (scores: [0.284, 0.218])
[⚠️ MISMATCH] CVE-2005-0227
    Original CWEs : ['94']
    TF-IDF recs   : ['484', '1250'] (scores: [0.138, 0.121])
[⚠️ MISMATCH] CVE-2005-0244
    Original CWEs : ['264']
    TF-IDF recs   : ['78', '77'] (scores: [0.213, 0.207])
[⚠️ MISMATCH] CVE-2005-0247
    Original CWEs : ['119']
    TF-IDF recs   : ['564', '1048'] (scores: [0.26, 0.216])
[⚠️ MISMATCH] CVE-2005-0253
    Original CWEs : ['22']
    TF-IDF recs   : ['29', '33'] (scores: [0.247, 0.224])
[⚠️ MISMATCH] CVE-2005-0256
    Original CWEs : ['119']
    TF-IDF recs   : ['776', '410'] (scores: [0.162, 0.156])
[⚠️ MISMATCH] CVE-2005-0269
    Original CWEs : ['178']
    TF-IDF recs   : ['646', '434'] (scores: [0.223, 0.215])
    ... (more mismatches in CVE-2005, suppressed)
[⚠️ MISMATCH] CVE-2006-0064
    Original CWEs : ['94']
    TF-IDF recs   : ['98'] (scores: [0.539])
[⚠️ MISMATCH] CVE-2006-0081
    Original CWEs : ['399']
    TF-IDF recs   : ['58', '451'] (scores: [0.178, 0.127])
[⚠️ MISMATCH] CVE-2006-0094
    Original CWEs : ['94']
    TF-IDF recs   : ['98'] (scores: [0.464])
[⚠️ MISMATCH] CVE-2006-0063
    Original CWEs : ['79']
    TF-IDF recs   : ['82', '80'] (scores: [0.303, 0.257])
[⚠️ MISMATCH] CVE-2006-0097
    Original CWEs : ['119']
    TF-IDF recs   : ['121'] (scores: [0.387])
[⚠️ MISMATCH] CVE-2006-0103
    Original CWEs : ['200']
    TF-IDF recs   : ['219', '220'] (scores: [0.287, 0.235])
[⚠️ MISMATCH] CVE-2006-0114
    Original CWEs : ['264']
    TF-IDF recs   : ['98'] (scores: [0.229])
[⚠️ MISMATCH] CVE-2006-0143
    Original CWEs : ['399']
    TF-IDF recs   : ['763', '67'] (scores: [0.206, 0.172])
[⚠️ MISMATCH] CVE-2006-0144
    Original CWEs : ['94']
    TF-IDF recs   : ['98'] (scores: [0.464])
[⚠️ MISMATCH] CVE-2006-0146
    Original CWEs : ['89']
    TF-IDF recs   : ['564', '98'] (scores: [0.357, 0.311])
[⚠️ MISMATCH] CVE-2006-0149
    Original CWEs : ['80']
    TF-IDF recs   : ['79', '692'] (scores: [0.348, 0.321])
[⚠️ MISMATCH] CVE-2006-0020
    Original CWEs : ['189']
    TF-IDF recs   : ['680', '190'] (scores: [0.203, 0.15])
[⚠️ MISMATCH] CVE-2006-0010
    Original CWEs : ['119']
    TF-IDF recs   : ['122', '121'] (scores: [0.336, 0.262])
[⚠️ MISMATCH] CVE-2006-0035
    Original CWEs : ['399']
    TF-IDF recs   : ['835'] (scores: [0.346])
[⚠️ MISMATCH] CVE-2006-0179
    Original CWEs : ['119']
    TF-IDF recs   : ['605', '291'] (scores: [0.212, 0.194])
[⚠️ MISMATCH] CVE-2006-0203
    Original CWEs : ['20']
    TF-IDF recs   : ['640', '261'] (scores: [0.273, 0.272])
[⚠️ MISMATCH] CVE-2006-0205
    Original CWEs : ['89']
    TF-IDF recs   : ['98', '564'] (scores: [0.348, 0.333])
[⚠️ MISMATCH] CVE-2006-0207
    Original CWEs : ['94']
    TF-IDF recs   : ['644', '443'] (scores: [0.433, 0.398])
[⚠️ MISMATCH] CVE-2006-0208
    Original CWEs : ['79']
    TF-IDF recs   : ['81', '98'] (scores: [0.289, 0.284])
[⚠️ MISMATCH] CVE-2006-0223
    Original CWEs : ['22']
    TF-IDF recs   : ['29', '33'] (scores: [0.272, 0.246])
[⚠️ MISMATCH] CVE-2006-0236
    Original CWEs : ['94']
    TF-IDF recs   : ['451'] (scores: [0.292])
[⚠️ MISMATCH] CVE-2006-0270
    Original CWEs : ['310']
    TF-IDF recs   : ['323'] (scores: [0.305])
[⚠️ MISMATCH] CVE-2006-0306
    Original CWEs : ['399']
    TF-IDF recs   : ['1088'] (scores: [0.246])
[⚠️ MISMATCH] CVE-2006-0307
    Original CWEs : ['399']
    TF-IDF recs   : ['1088', '532'] (scores: [0.202, 0.193])
[⚠️ MISMATCH] CVE-2006-0308
    Original CWEs : ['94']
    TF-IDF recs   : ['98'] (scores: [0.566])
[⚠️ MISMATCH] CVE-2006-0325
    Original CWEs : ['78']
    TF-IDF recs   : ['98'] (scores: [0.218])
[⚠️ MISMATCH] CVE-2006-0332
    Original CWEs : ['94']
    TF-IDF recs   : ['434', '651'] (scores: [0.228, 0.197])
[⚠️ MISMATCH] CVE-2006-0340
    Original CWEs : ['20']
    TF-IDF recs   : ['406', '1088'] (scores: [0.214, 0.191])
[⚠️ MISMATCH] CVE-2006-0342
    Original CWEs : ['399']
    TF-IDF recs   : ['598', '113'] (scores: [0.214, 0.205])
[⚠️ MISMATCH] CVE-2006-0353
    Original CWEs : ['200']
    TF-IDF recs   : ['339', '336'] (scores: [0.263, 0.247])
    ... (more mismatches in CVE-2006, suppressed)
[⚠️ MISMATCH] CVE-2007-0016
    Original CWEs : ['119']
    TF-IDF recs   : ['121'] (scores: [0.45])
[⚠️ MISMATCH] CVE-2007-0045
    Original CWEs : ['79']
    TF-IDF recs   : ['692', '86'] (scores: [0.274, 0.271])
[⚠️ MISMATCH] CVE-2007-0057
    Original CWEs : ['255']
    TF-IDF recs   : ['301', '537'] (scores: [0.225, 0.182])
[⚠️ MISMATCH] CVE-2007-0058
    Original CWEs : ['200']
    TF-IDF recs   : ['459', '304'] (scores: [0.194, 0.149])
[⚠️ MISMATCH] CVE-2007-0080
    Original CWEs : ['119']
    TF-IDF recs   : ['123', '121'] (scores: [0.178, 0.166])
[⚠️ MISMATCH] CVE-2007-0086
    Original CWEs : ['400']
    TF-IDF recs   : ['789', '650'] (scores: [0.168, 0.162])
[⚠️ MISMATCH] CVE-2007-0099
    Original CWEs : ['362']
    TF-IDF recs   : ['112', '611'] (scores: [0.259, 0.238])
[⚠️ MISMATCH] CVE-2007-0102
    Original CWEs : ['20']
    TF-IDF recs   : ['835'] (scores: [0.205])
[⚠️ MISMATCH] CVE-2007-0103
    Original CWEs : ['20']
    TF-IDF recs   : ['835'] (scores: [0.213])
[⚠️ MISMATCH] CVE-2007-0104
    Original CWEs : ['20']
    TF-IDF recs   : ['835'] (scores: [0.206])
[⚠️ MISMATCH] CVE-2007-0126
    Original CWEs : ['119']
    TF-IDF recs   : ['122', '121'] (scores: [0.38, 0.302])
[⚠️ MISMATCH] CVE-2007-0127
    Original CWEs : ['94']
    TF-IDF recs   : ['441', '598'] (scores: [0.199, 0.181])
[⚠️ MISMATCH] CVE-2007-0134
    Original CWEs : ['94']
    TF-IDF recs   : ['98'] (scores: [0.314])
[⚠️ MISMATCH] CVE-2007-0028
    Original CWEs : ['20']
    TF-IDF recs   : ['148', '1088'] (scores: [0.178, 0.165])
[⚠️ MISMATCH] CVE-2007-0034
    Original CWEs : ['119']
    TF-IDF recs   : ['680', '122'] (scores: [0.188, 0.172])
[⚠️ MISMATCH] CVE-2007-0160
    Original CWEs : ['119']
    TF-IDF recs   : ['121'] (scores: [0.336])
[⚠️ MISMATCH] CVE-2007-0197
    Original CWEs : ['20']
    TF-IDF recs   : ['594', '1088'] (scores: [0.134, 0.122])
[⚠️ MISMATCH] CVE-2007-0169
    Original CWEs : ['119']
    TF-IDF recs   : ['1336', '1088'] (scores: [0.145, 0.117])
[⚠️ MISMATCH] CVE-2007-0205
    Original CWEs : ['22']
    TF-IDF recs   : ['98'] (scores: [0.397])
[⚠️ MISMATCH] CVE-2007-0229
    Original CWEs : ['189']
    TF-IDF recs   : ['680', '122'] (scores: [0.4, 0.366])
[⚠️ MISMATCH] CVE-2007-0230
    Original CWEs : ['94']
    TF-IDF recs   : ['98'] (scores: [0.496])
[⚠️ MISMATCH] CVE-2007-0235
    Original CWEs : ['119']
    TF-IDF recs   : ['121'] (scores: [0.407])
[⚠️ MISMATCH] CVE-2007-0236
    Original CWEs : ['119']
    TF-IDF recs   : ['122', '121'] (scores: [0.292, 0.242])
[⚠️ MISMATCH] CVE-2007-0247
    Original CWEs : ['399']
    TF-IDF recs   : ['220', '528'] (scores: [0.276, 0.229])
[⚠️ MISMATCH] CVE-2007-0259
    Original CWEs : ['200']
    TF-IDF recs   : ['209', '211'] (scores: [0.306, 0.264])
[⚠️ MISMATCH] CVE-2007-0014
    Original CWEs : ['310']
    TF-IDF recs   : ['492'] (scores: [0.315])
[⚠️ MISMATCH] CVE-2007-0267
    Original CWEs : ['399']
    TF-IDF recs   : ['589', '828'] (scores: [0.146, 0.111])
[⚠️ MISMATCH] CVE-2007-0270
    Original CWEs : ['119']
    TF-IDF recs   : ['680', '122'] (scores: [0.212, 0.206])
[⚠️ MISMATCH] CVE-2007-0272
    Original CWEs : ['119']
    TF-IDF recs   : ['1088', '564'] (scores: [0.137, 0.112])
[⚠️ MISMATCH] CVE-2007-0243
    Original CWEs : ['119']
    TF-IDF recs   : ['680', '122'] (scores: [0.188, 0.172])
    ... (more mismatches in CVE-2007, suppressed)
[⚠️ MISMATCH] CVE-2008-0090
    Original CWEs : ['119']
    TF-IDF recs   : ['623', '618'] (scores: [0.247, 0.213])
[⚠️ MISMATCH] CVE-2008-0091
    Original CWEs : ['22']
    TF-IDF recs   : ['44', '55'] (scores: [0.271, 0.269])
[⚠️ MISMATCH] CVE-2008-0094
    Original CWEs : ['22']
    TF-IDF recs   : ['98', '55'] (scores: [0.32, 0.24])
[⚠️ MISMATCH] CVE-2008-0095
    Original CWEs : ['399']
    TF-IDF recs   : ['690', '476'] (scores: [0.393, 0.376])
[⚠️ MISMATCH] CVE-2008-0096
    Original CWEs : ['119']
    TF-IDF recs   : ['58', '263'] (scores: [0.172, 0.163])
[⚠️ MISMATCH] CVE-2008-0097
    Original CWEs : ['20']
    TF-IDF recs   : ['134'] (scores: [0.488])
[⚠️ MISMATCH] CVE-2008-0098
    Original CWEs : ['119']
    TF-IDF recs   : ['680', '122'] (scores: [0.216, 0.21])
[⚠️ MISMATCH] CVE-2008-0100
    Original CWEs : ['119']
    TF-IDF recs   : ['121'] (scores: [0.464])
[⚠️ MISMATCH] CVE-2008-0101
    Original CWEs : ['20']
    TF-IDF recs   : ['134'] (scores: [0.549])
[⚠️ MISMATCH] CVE-2008-0132
    Original CWEs : ['400']
    TF-IDF recs   : ['58'] (scores: [0.217])
[⚠️ MISMATCH] CVE-2008-0135
    Original CWEs : ['264']
    TF-IDF recs   : ['220', '219'] (scores: [0.347, 0.311])
[⚠️ MISMATCH] CVE-2008-0136
    Original CWEs : ['200']
    TF-IDF recs   : ['598', '425'] (scores: [0.205, 0.197])
[⚠️ MISMATCH] CVE-2008-0137
    Original CWEs : ['89']
    TF-IDF recs   : ['98'] (scores: [0.571])
[⚠️ MISMATCH] CVE-2008-0138
    Original CWEs : ['89']
    TF-IDF recs   : ['98'] (scores: [0.519])
[⚠️ MISMATCH] CVE-2008-0139
    Original CWEs : ['89']
    TF-IDF recs   : ['98', '1336'] (scores: [0.382, 0.274])
[⚠️ MISMATCH] CVE-2008-0140
    Original CWEs : ['22']
    TF-IDF recs   : ['55', '29'] (scores: [0.255, 0.225])
[⚠️ MISMATCH] CVE-2008-0141
    Original CWEs : ['330']
    TF-IDF recs   : ['98', '340'] (scores: [0.232, 0.171])
[⚠️ MISMATCH] CVE-2008-0143
    Original CWEs : ['94']
    TF-IDF recs   : ['98'] (scores: [0.519])
[⚠️ MISMATCH] CVE-2008-0144
    Original CWEs : ['89']
    TF-IDF recs   : ['98'] (scores: [0.508])
[⚠️ MISMATCH] CVE-2008-0145
    Original CWEs : ['264']
    TF-IDF recs   : ['98'] (scores: [0.185])
[⚠️ MISMATCH] CVE-2008-0003
    Original CWEs : ['119']
    TF-IDF recs   : ['121'] (scores: [0.429])
[⚠️ MISMATCH] CVE-2008-0148
    Original CWEs : ['264']
    TF-IDF recs   : ['98'] (scores: [0.393])
[⚠️ MISMATCH] CVE-2008-0150
    Original CWEs : ['287']
    TF-IDF recs   : ['90', '305'] (scores: [0.188, 0.178])
[⚠️ MISMATCH] CVE-2008-0151
    Original CWEs : ['119']
    TF-IDF recs   : ['122', '121'] (scores: [0.351, 0.278])
[⚠️ MISMATCH] CVE-2008-0152
    Original CWEs : ['119']
    TF-IDF recs   : ['690', '476'] (scores: [0.318, 0.305])
[⚠️ MISMATCH] CVE-2008-0153
    Original CWEs : ['399']
    TF-IDF recs   : ['690', '476'] (scores: [0.393, 0.377])
[⚠️ MISMATCH] CVE-2008-0156
    Original CWEs : ['22']
    TF-IDF recs   : ['36', '37'] (scores: [0.314, 0.31])
[⚠️ MISMATCH] CVE-2008-0158
    Original CWEs : ['22']
    TF-IDF recs   : ['55', '29'] (scores: [0.253, 0.232])
[⚠️ MISMATCH] CVE-2008-0184
    Original CWEs : ['22']
    TF-IDF recs   : ['37', '38'] (scores: [0.334, 0.333])
[⚠️ MISMATCH] CVE-2008-0185
    Original CWEs : ['89']
    TF-IDF recs   : ['564', '98'] (scores: [0.39, 0.312])
    ... (more mismatches in CVE-2008, suppressed)
[⚠️ MISMATCH] CVE-2009-0022
    Original CWEs : ['20']
    TF-IDF recs   : ['40', '314'] (scores: [0.202, 0.17])
[⚠️ MISMATCH] CVE-2009-0021
    Original CWEs : ['287']
    TF-IDF recs   : ['394', '253'] (scores: [0.272, 0.264])
[⚠️ MISMATCH] CVE-2009-0025
    Original CWEs : ['287']
    TF-IDF recs   : ['394', '253'] (scores: [0.26, 0.252])
[⚠️ MISMATCH] CVE-2009-0046
    Original CWEs : ['287']
    TF-IDF recs   : ['394', '253'] (scores: [0.264, 0.256])
[⚠️ MISMATCH] CVE-2009-0047
    Original CWEs : ['287']
    TF-IDF recs   : ['394', '253'] (scores: [0.264, 0.256])
[⚠️ MISMATCH] CVE-2009-0048
    Original CWEs : ['287']
    TF-IDF recs   : ['394', '253'] (scores: [0.264, 0.256])
[⚠️ MISMATCH] CVE-2009-0049
    Original CWEs : ['287']
    TF-IDF recs   : ['394', '253'] (scores: [0.264, 0.256])
[⚠️ MISMATCH] CVE-2009-0050
    Original CWEs : ['20']
    TF-IDF recs   : ['394', '253'] (scores: [0.269, 0.261])
[⚠️ MISMATCH] CVE-2009-0051
    Original CWEs : ['287']
    TF-IDF recs   : ['394', '253'] (scores: [0.269, 0.261])
[⚠️ MISMATCH] CVE-2009-0065
    Original CWEs : ['119']
    TF-IDF recs   : ['680', '122'] (scores: [0.192, 0.187])
[⚠️ MISMATCH] CVE-2009-0068
    Original CWEs : ['94']
    TF-IDF recs   : ['843', '434'] (scores: [0.267, 0.259])
[⚠️ MISMATCH] CVE-2009-0069
    Original CWEs : ['399']
    TF-IDF recs   : ['617', '602'] (scores: [0.147, 0.135])
[⚠️ MISMATCH] CVE-2009-0043
    Original CWEs : ['264']
    TF-IDF recs   : ['564', '1088'] (scores: [0.166, 0.14])
[⚠️ MISMATCH] CVE-2009-0070
    Original CWEs : ['189']
    TF-IDF recs   : ['129', '582'] (scores: [0.269, 0.23])
[⚠️ MISMATCH] CVE-2009-0071
    Original CWEs : ['399']
    TF-IDF recs   : ['690', '476'] (scores: [0.365, 0.35])
[⚠️ MISMATCH] CVE-2009-0103
    Original CWEs : ['94']
    TF-IDF recs   : ['98'] (scores: [0.534])
[⚠️ MISMATCH] CVE-2009-0108
    Original CWEs : ['264']
    TF-IDF recs   : ['539', '784'] (scores: [0.175, 0.175])
[⚠️ MISMATCH] CVE-2009-0113
    Original CWEs : ['22']
    TF-IDF recs   : ['29', '34'] (scores: [0.256, 0.249])
[⚠️ MISMATCH] CVE-2009-0024
    Original CWEs : ['264']
    TF-IDF recs   : ['1245', '589'] (scores: [0.174, 0.145])
[⚠️ MISMATCH] CVE-2009-0041
    Original CWEs : ['200']
    TF-IDF recs   : ['645'] (scores: [0.193])
[⚠️ MISMATCH] CVE-2009-0119
    Original CWEs : ['119']
    TF-IDF recs   : ['680', '122'] (scores: [0.218, 0.2])
[⚠️ MISMATCH] CVE-2009-0120
    Original CWEs : ['20']
    TF-IDF recs   : ['112', '91'] (scores: [0.203, 0.198])
[⚠️ MISMATCH] CVE-2009-0029
    Original CWEs : ['20']
    TF-IDF recs   : ['1231', '1222'] (scores: [0.224, 0.16])
[⚠️ MISMATCH] CVE-2009-0122
    Original CWEs : ['264']
    TF-IDF recs   : ['282'] (scores: [0.334])
[⚠️ MISMATCH] CVE-2009-0123
    Original CWEs : ['200']
    TF-IDF recs   : ['694', '1088'] (scores: [0.13, 0.123])
[⚠️ MISMATCH] CVE-2009-0124
    Original CWEs : ['287']
    TF-IDF recs   : ['394', '253'] (scores: [0.305, 0.299])
[⚠️ MISMATCH] CVE-2009-0125
    Original CWEs : ['287']
    TF-IDF recs   : ['394', '253'] (scores: [0.222, 0.217])
[⚠️ MISMATCH] CVE-2009-0126
    Original CWEs : ['287']
    TF-IDF recs   : ['252', '253'] (scores: [0.31, 0.282])
[⚠️ MISMATCH] CVE-2009-0127
    Original CWEs : ['287']
    TF-IDF recs   : ['253', '599'] (scores: [0.233, 0.231])
[⚠️ MISMATCH] CVE-2009-0128
    Original CWEs : ['287']
    TF-IDF recs   : ['599', '394'] (scores: [0.275, 0.216])
    ... (more mismatches in CVE-2009, suppressed)
[⚠️ MISMATCH] CVE-2010-0157
    Original CWEs : ['22']
    TF-IDF recs   : ['98', '29'] (scores: [0.273, 0.228])
[⚠️ MISMATCH] CVE-2010-0220
    Original CWEs : ['399']
    TF-IDF recs   : ['1325', '7'] (scores: [0.218, 0.153])
[⚠️ MISMATCH] CVE-2010-0221
    Original CWEs : ['264']
    TF-IDF recs   : ['921', '313'] (scores: [0.135, 0.113])
[⚠️ MISMATCH] CVE-2010-0222
    Original CWEs : ['310']
    TF-IDF recs   : ['639', '566'] (scores: [0.182, 0.146])
[⚠️ MISMATCH] CVE-2010-0223
    Original CWEs : ['264']
    TF-IDF recs   : ['921', '294'] (scores: [0.142, 0.115])
[⚠️ MISMATCH] CVE-2010-0224
    Original CWEs : ['255']
    TF-IDF recs   : ['921', '313'] (scores: [0.151, 0.127])
[⚠️ MISMATCH] CVE-2010-0225
    Original CWEs : ['312']
    TF-IDF recs   : ['639', '566'] (scores: [0.199, 0.16])
[⚠️ MISMATCH] CVE-2010-0226
    Original CWEs : ['255']
    TF-IDF recs   : ['921', '294'] (scores: [0.155, 0.126])
[⚠️ MISMATCH] CVE-2010-0227
    Original CWEs : ['255']
    TF-IDF recs   : ['1319', '921'] (scores: [0.15, 0.145])
[⚠️ MISMATCH] CVE-2010-0228
    Original CWEs : ['310']
    TF-IDF recs   : ['639', '566'] (scores: [0.193, 0.155])
[⚠️ MISMATCH] CVE-2010-0229
    Original CWEs : ['255']
    TF-IDF recs   : ['921', '294'] (scores: [0.151, 0.122])
[⚠️ MISMATCH] CVE-2010-0012
    Original CWEs : ['22']
    TF-IDF recs   : ['55', '29'] (scores: [0.3, 0.291])
[⚠️ MISMATCH] CVE-2010-0271
    Original CWEs : ['264']
    TF-IDF recs   : ['1054', '1239'] (scores: [0.214, 0.175])
[⚠️ MISMATCH] CVE-2010-0272
    Original CWEs : ['119']
    TF-IDF recs   : ['122', '121'] (scores: [0.31, 0.239])
[⚠️ MISMATCH] CVE-2010-0013
    Original CWEs : ['22']
    TF-IDF recs   : ['441', '55'] (scores: [0.213, 0.199])
[⚠️ MISMATCH] CVE-2010-0277
    Original CWEs : ['399']
    TF-IDF recs   : ['441', '1088'] (scores: [0.179, 0.16])
[⚠️ MISMATCH] CVE-2010-0018
    Original CWEs : ['189']
    TF-IDF recs   : ['58', '422'] (scores: [0.278, 0.224])
[⚠️ MISMATCH] CVE-2010-0002
    Original CWEs : ['20']
    TF-IDF recs   : ['150', '57'] (scores: [0.193, 0.145])
[⚠️ MISMATCH] CVE-2010-0014
    Original CWEs : ['287']
    TF-IDF recs   : ['640', '261'] (scores: [0.226, 0.212])
[⚠️ MISMATCH] CVE-2010-0015
    Original CWEs : ['255']
    TF-IDF recs   : ['257', '1088'] (scores: [0.12, 0.103])
[⚠️ MISMATCH] CVE-2010-0184
    Original CWEs : ['264']
    TF-IDF recs   : ['942', '368'] (scores: [0.266, 0.258])
[⚠️ MISMATCH] CVE-2010-0310
    Original CWEs : ['264']
    TF-IDF recs   : ['1236', '1190'] (scores: [0.15, 0.122])
[⚠️ MISMATCH] CVE-2010-0312
    Original CWEs : ['20']
    TF-IDF recs   : ['690', '476'] (scores: [0.377, 0.348])
[⚠️ MISMATCH] CVE-2010-0249
    Original CWEs : ['416']
    TF-IDF recs   : ['58', '422'] (scores: [0.261, 0.21])
[⚠️ MISMATCH] CVE-2010-0280
    Original CWEs : ['189']
    TF-IDF recs   : ['129'] (scores: [0.224])
[⚠️ MISMATCH] CVE-2010-0316
    Original CWEs : ['189']
    TF-IDF recs   : ['680', '190'] (scores: [0.294, 0.217])
[⚠️ MISMATCH] CVE-2010-0317
    Original CWEs : ['399']
    TF-IDF recs   : ['690', '476'] (scores: [0.33, 0.316])
[⚠️ MISMATCH] CVE-2010-0318
    Original CWEs : ['264']
    TF-IDF recs   : ['276', '294'] (scores: [0.237, 0.221])
[⚠️ MISMATCH] CVE-2010-0356
    Original CWEs : ['119']
    TF-IDF recs   : ['121', '623'] (scores: [0.402, 0.297])
[⚠️ MISMATCH] CVE-2010-0007
    Original CWEs : ['264']
    TF-IDF recs   : ['406', '69'] (scores: [0.193, 0.148])
    ... (more mismatches in CVE-2010, suppressed)
[⚠️ MISMATCH] CVE-2011-0346
    Original CWEs : ['399']
    TF-IDF recs   : ['590', '479'] (scores: [0.199, 0.159])
[⚠️ MISMATCH] CVE-2011-0398
    Original CWEs : ['264']
    TF-IDF recs   : ['1327', '291'] (scores: [0.328, 0.323])
[⚠️ MISMATCH] CVE-2011-0400
    Original CWEs : ['16']
    TF-IDF recs   : ['614', '384'] (scores: [0.41, 0.4])
[⚠️ MISMATCH] CVE-2011-0401
    Original CWEs : ['264']
    TF-IDF recs   : ['799', '1325'] (scores: [0.257, 0.192])
[⚠️ MISMATCH] CVE-2011-0003
    Original CWEs : ['20']
    TF-IDF recs   : ['1088', '451'] (scores: [0.204, 0.157])
[⚠️ MISMATCH] CVE-2011-0007
    Original CWEs : ['59']
    TF-IDF recs   : ['432', '524'] (scores: [0.164, 0.159])
[⚠️ MISMATCH] CVE-2011-0402
    Original CWEs : ['59']
    TF-IDF recs   : ['668', '530'] (scores: [0.201, 0.187])
[⚠️ MISMATCH] CVE-2011-0404
    Original CWEs : ['119']
    TF-IDF recs   : ['121'] (scores: [0.375])
[⚠️ MISMATCH] CVE-2011-0406
    Original CWEs : ['119']
    TF-IDF recs   : ['122', '121'] (scores: [0.412, 0.327])
[⚠️ MISMATCH] CVE-2011-0026
    Original CWEs : ['189']
    TF-IDF recs   : ['1083', '680'] (scores: [0.287, 0.273])
[⚠️ MISMATCH] CVE-2011-0027
    Original CWEs : ['20']
    TF-IDF recs   : ['1083', '680'] (scores: [0.286, 0.233])
[⚠️ MISMATCH] CVE-2011-0314
    Original CWEs : ['119']
    TF-IDF recs   : ['122', '121'] (scores: [0.362, 0.288])
[⚠️ MISMATCH] CVE-2011-0316
    Original CWEs : ['264']
    TF-IDF recs   : ['598', '926'] (scores: [0.152, 0.145])
[⚠️ MISMATCH] CVE-2011-0423
    Original CWEs : ['255']
    TF-IDF recs   : ['384', '1393'] (scores: [0.228, 0.214])
[⚠️ MISMATCH] CVE-2011-0444
    Original CWEs : ['119']
    TF-IDF recs   : ['680', '122'] (scores: [0.211, 0.205])
[⚠️ MISMATCH] CVE-2011-0445
    Original CWEs : ['399']
    TF-IDF recs   : ['617'] (scores: [0.282])
[⚠️ MISMATCH] CVE-2011-0262
    Original CWEs : ['119']
    TF-IDF recs   : ['680', '122'] (scores: [0.2, 0.194])
[⚠️ MISMATCH] CVE-2011-0263
    Original CWEs : ['119']
    TF-IDF recs   : ['121'] (scores: [0.312])
[⚠️ MISMATCH] CVE-2011-0264
    Original CWEs : ['119']
    TF-IDF recs   : ['121'] (scores: [0.439])
[⚠️ MISMATCH] CVE-2011-0265
    Original CWEs : ['119']
    TF-IDF recs   : ['680', '122'] (scores: [0.241, 0.234])
[⚠️ MISMATCH] CVE-2011-0266
    Original CWEs : ['119']
    TF-IDF recs   : ['680', '122'] (scores: [0.234, 0.227])
[⚠️ MISMATCH] CVE-2011-0267
    Original CWEs : ['119']
    TF-IDF recs   : ['1088', '130'] (scores: [0.171, 0.169])
[⚠️ MISMATCH] CVE-2011-0268
    Original CWEs : ['119']
    TF-IDF recs   : ['680', '122'] (scores: [0.241, 0.234])
[⚠️ MISMATCH] CVE-2011-0269
    Original CWEs : ['119']
    TF-IDF recs   : ['680', '122'] (scores: [0.241, 0.234])
[⚠️ MISMATCH] CVE-2011-0310
    Original CWEs : ['119']
    TF-IDF recs   : ['680', '122'] (scores: [0.218, 0.212])
[⚠️ MISMATCH] CVE-2011-0471
    Original CWEs : ['20']
    TF-IDF recs   : ['834', '175'] (scores: [0.181, 0.167])
[⚠️ MISMATCH] CVE-2011-0475
    Original CWEs : ['416']
    TF-IDF recs   : ['1088', '589'] (scores: [0.18, 0.177])
[⚠️ MISMATCH] CVE-2011-0476
    Original CWEs : ['119']
    TF-IDF recs   : ['762', '589'] (scores: [0.189, 0.173])
[⚠️ MISMATCH] CVE-2011-0477
    Original CWEs : ['119']
    TF-IDF recs   : ['922', '1088'] (scores: [0.163, 0.147])
[⚠️ MISMATCH] CVE-2011-0478
    Original CWEs : ['20']
    TF-IDF recs   : ['589', '775'] (scores: [0.172, 0.155])
    ... (more mismatches in CVE-2011, suppressed)
[⚠️ MISMATCH] CVE-2012-0027
    Original CWEs : ['399']
    TF-IDF recs   : ['233', '175'] (scores: [0.222, 0.161])
[⚠️ MISMATCH] CVE-2012-0390
    Original CWEs : ['310']
    TF-IDF recs   : ['516', '544'] (scores: [0.203, 0.193])
[⚠️ MISMATCH] CVE-2012-0024
    Original CWEs : ['400']
    TF-IDF recs   : ['836', '916'] (scores: [0.252, 0.24])
[⚠️ MISMATCH] CVE-2012-0391
    Original CWEs : ['20']
    TF-IDF recs   : ['1069', '232'] (scores: [0.19, 0.143])
[⚠️ MISMATCH] CVE-2012-0393
    Original CWEs : ['264']
    TF-IDF recs   : ['1088', '607'] (scores: [0.151, 0.127])
[⚠️ MISMATCH] CVE-2012-0394
    Original CWEs : ['94']
    TF-IDF recs   : ['564', '1088'] (scores: [0.193, 0.176])
[⚠️ MISMATCH] CVE-2012-0005
    Original CWEs : ['264']
    TF-IDF recs   : ['602', '603'] (scores: [0.284, 0.215])
[⚠️ MISMATCH] CVE-2012-0310
    Original CWEs : ['94']
    TF-IDF recs   : ['443', '113'] (scores: [0.369, 0.356])
[⚠️ MISMATCH] CVE-2012-0697
    Original CWEs : ['22']
    TF-IDF recs   : ['582', '1088'] (scores: [0.182, 0.178])
[⚠️ MISMATCH] CVE-2012-0030
    Original CWEs : ['264']
    TF-IDF recs   : ['441', '1088'] (scores: [0.175, 0.153])
[⚠️ MISMATCH] CVE-2012-0693
    Original CWEs : ['94']
    TF-IDF recs   : ['98'] (scores: [0.306])
[⚠️ MISMATCH] CVE-2012-0039
    Original CWEs : ['310']
    TF-IDF recs   : ['328', '916'] (scores: [0.42, 0.337])
[⚠️ MISMATCH] CVE-2012-0266
    Original CWEs : ['119']
    TF-IDF recs   : ['121', '58'] (scores: [0.223, 0.199])
[⚠️ MISMATCH] CVE-2012-0267
    Original CWEs : ['20']
    TF-IDF recs   : ['623', '618'] (scores: [0.244, 0.203])
[⚠️ MISMATCH] CVE-2012-0781
    Original CWEs : ['399']
    TF-IDF recs   : ['690', '476'] (scores: [0.375, 0.347])
[⚠️ MISMATCH] CVE-2012-0022
    Original CWEs : ['189']
    TF-IDF recs   : ['233', '235'] (scores: [0.257, 0.204])
[⚠️ MISMATCH] CVE-2012-0268
    Original CWEs : ['189']
    TF-IDF recs   : ['680', '122'] (scores: [0.445, 0.408])
[⚠️ MISMATCH] CVE-2012-0329
    Original CWEs : ['94']
    TF-IDF recs   : ['1088', '177'] (scores: [0.166, 0.121])
[⚠️ MISMATCH] CVE-2012-0050
    Original CWEs : ['399']
    TF-IDF recs   : ['125', '1088'] (scores: [0.159, 0.157])
[⚠️ MISMATCH] CVE-2012-0193
    Original CWEs : ['20']
    TF-IDF recs   : ['836', '916'] (scores: [0.261, 0.24])
[⚠️ MISMATCH] CVE-2012-0896
    Original CWEs : ['22']
    TF-IDF recs   : ['37', '38'] (scores: [0.301, 0.3])
[⚠️ MISMATCH] CVE-2012-0897
    Original CWEs : ['119']
    TF-IDF recs   : ['121'] (scores: [0.43])
[⚠️ MISMATCH] CVE-2012-0898
    Original CWEs : ['22']
    TF-IDF recs   : ['55', '29'] (scores: [0.282, 0.258])
[⚠️ MISMATCH] CVE-2012-0904
    Original CWEs : ['399']
    TF-IDF recs   : ['1088', '646'] (scores: [0.177, 0.174])
[⚠️ MISMATCH] CVE-2012-0907
    Original CWEs : ['22']
    TF-IDF recs   : ['29', '30'] (scores: [0.227, 0.215])
[⚠️ MISMATCH] CVE-2012-0192
    Original CWEs : ['189']
    TF-IDF recs   : ['122', '121'] (scores: [0.336, 0.267])
[⚠️ MISMATCH] CVE-2012-0915
    Original CWEs : ['189']
    TF-IDF recs   : ['122', '121'] (scores: [0.411, 0.319])
[⚠️ MISMATCH] CVE-2012-0916
    Original CWEs : ['119']
    TF-IDF recs   : ['122', '121'] (scores: [0.431, 0.335])
[⚠️ MISMATCH] CVE-2012-0395
    Original CWEs : ['119']
    TF-IDF recs   : ['680', '122'] (scores: [0.225, 0.218])
[⚠️ MISMATCH] CVE-2012-0806
    Original CWEs : ['119']
    TF-IDF recs   : ['774', '680'] (scores: [0.231, 0.209])
    ... (more mismatches in CVE-2012, suppressed)
[⚠️ MISMATCH] CVE-2013-0721
    Original CWEs : ['200']
    TF-IDF recs   : ['98'] (scores: [0.384])
[⚠️ MISMATCH] CVE-2013-0625
    Original CWEs : ['287']
    TF-IDF recs   : ['1088', '836'] (scores: [0.17, 0.158])
[⚠️ MISMATCH] CVE-2013-0001
    Original CWEs : ['200']
    TF-IDF recs   : ['520', '554'] (scores: [0.22, 0.208])
[⚠️ MISMATCH] CVE-2013-0002
    Original CWEs : ['119']
    TF-IDF recs   : ['680', '122'] (scores: [0.287, 0.271])
[⚠️ MISMATCH] CVE-2013-0003
    Original CWEs : ['119']
    TF-IDF recs   : ['680', '120'] (scores: [0.3, 0.29])
[⚠️ MISMATCH] CVE-2013-0004
    Original CWEs : ['20']
    TF-IDF recs   : ['520', '554'] (scores: [0.264, 0.248])
[⚠️ MISMATCH] CVE-2013-0005
    Original CWEs : ['20']
    TF-IDF recs   : ['650', '617'] (scores: [0.199, 0.155])
[⚠️ MISMATCH] CVE-2013-0006
    Original CWEs : ['189']
    TF-IDF recs   : ['91', '112'] (scores: [0.346, 0.272])
[⚠️ MISMATCH] CVE-2013-0007
    Original CWEs : ['94']
    TF-IDF recs   : ['91', '112'] (scores: [0.36, 0.283])
[⚠️ MISMATCH] CVE-2013-0008
    Original CWEs : ['264']
    TF-IDF recs   : ['58', '422'] (scores: [0.305, 0.298])
[⚠️ MISMATCH] CVE-2013-0011
    Original CWEs : ['119']
    TF-IDF recs   : ['58', '67'] (scores: [0.209, 0.183])
[⚠️ MISMATCH] CVE-2013-0013
    Original CWEs : ['264']
    TF-IDF recs   : ['58', '422'] (scores: [0.278, 0.232])
[⚠️ MISMATCH] CVE-2013-0601
    Original CWEs : ['119']
    TF-IDF recs   : ['564', '479'] (scores: [0.143, 0.121])
[⚠️ MISMATCH] CVE-2013-0602
    Original CWEs : ['399']
    TF-IDF recs   : ['590', '564'] (scores: [0.145, 0.143])
[⚠️ MISMATCH] CVE-2013-0603
    Original CWEs : ['119']
    TF-IDF recs   : ['122', '121'] (scores: [0.403, 0.32])
[⚠️ MISMATCH] CVE-2013-0604
    Original CWEs : ['119']
    TF-IDF recs   : ['122', '121'] (scores: [0.403, 0.32])
[⚠️ MISMATCH] CVE-2013-0605
    Original CWEs : ['119']
    TF-IDF recs   : ['564', '479'] (scores: [0.143, 0.121])
[⚠️ MISMATCH] CVE-2013-0606
    Original CWEs : ['119']
    TF-IDF recs   : ['680', '122'] (scores: [0.243, 0.236])
[⚠️ MISMATCH] CVE-2013-0607
    Original CWEs : ['94']
    TF-IDF recs   : ['483'] (scores: [0.272])
[⚠️ MISMATCH] CVE-2013-0608
    Original CWEs : ['94']
    TF-IDF recs   : ['483'] (scores: [0.272])
[⚠️ MISMATCH] CVE-2013-0609
    Original CWEs : ['189']
    TF-IDF recs   : ['680', '190'] (scores: [0.326, 0.262])
[⚠️ MISMATCH] CVE-2013-0610
    Original CWEs : ['119']
    TF-IDF recs   : ['121'] (scores: [0.43])
[⚠️ MISMATCH] CVE-2013-0611
    Original CWEs : ['119']
    TF-IDF recs   : ['483'] (scores: [0.272])
[⚠️ MISMATCH] CVE-2013-0612
    Original CWEs : ['119']
    TF-IDF recs   : ['680', '122'] (scores: [0.243, 0.236])
[⚠️ MISMATCH] CVE-2013-0613
    Original CWEs : ['189']
    TF-IDF recs   : ['680', '190'] (scores: [0.326, 0.262])
[⚠️ MISMATCH] CVE-2013-0614
    Original CWEs : ['94']
    TF-IDF recs   : ['483'] (scores: [0.272])
[⚠️ MISMATCH] CVE-2013-0615
    Original CWEs : ['119']
    TF-IDF recs   : ['680', '122'] (scores: [0.243, 0.236])
[⚠️ MISMATCH] CVE-2013-0617
    Original CWEs : ['119']
    TF-IDF recs   : ['680', '122'] (scores: [0.243, 0.236])
[⚠️ MISMATCH] CVE-2013-0618
    Original CWEs : ['94']
    TF-IDF recs   : ['483'] (scores: [0.272])
[⚠️ MISMATCH] CVE-2013-0619
    Original CWEs : ['119']
    TF-IDF recs   : ['564', '479'] (scores: [0.143, 0.121])
    ... (more mismatches in CVE-2013, suppressed)
[⚠️ MISMATCH] CVE-2014-0791
    Original CWEs : ['189']
    TF-IDF recs   : ['190', '680'] (scores: [0.3, 0.281])
[⚠️ MISMATCH] CVE-2014-0651
    Original CWEs : ['264']
    TF-IDF recs   : ['6', '384'] (scores: [0.255, 0.19])
[⚠️ MISMATCH] CVE-2014-0653
    Original CWEs : ['20']
    TF-IDF recs   : ['306', '6'] (scores: [0.148, 0.132])
[⚠️ MISMATCH] CVE-2014-0654
    Original CWEs : ['20']
    TF-IDF recs   : ['524', '6'] (scores: [0.182, 0.13])
[⚠️ MISMATCH] CVE-2014-0655
    Original CWEs : ['20']
    TF-IDF recs   : ['524', '6'] (scores: [0.168, 0.126])
[⚠️ MISMATCH] CVE-2014-0656
    Original CWEs : ['20']
    TF-IDF recs   : ['446', '451'] (scores: [0.166, 0.144])
[⚠️ MISMATCH] CVE-2014-0657
    Original CWEs : ['264']
    TF-IDF recs   : ['177'] (scores: [0.217])
[⚠️ MISMATCH] CVE-2014-0752
    Original CWEs : ['529']
    TF-IDF recs   : ['177', '1088'] (scores: [0.197, 0.19])
[⚠️ MISMATCH] CVE-2014-1233
    Original CWEs : ['200']
    TF-IDF recs   : ['206', '548'] (scores: [0.245, 0.232])
[⚠️ MISMATCH] CVE-2014-1234
    Original CWEs : ['200']
    TF-IDF recs   : ['639', '548'] (scores: [0.249, 0.247])
[⚠️ MISMATCH] CVE-2014-1236
    Original CWEs : ['119']
    TF-IDF recs   : ['121'] (scores: [0.477])
[⚠️ MISMATCH] CVE-2014-0658
    Original CWEs : ['20']
    TF-IDF recs   : ['1088', '6'] (scores: [0.158, 0.149])
[⚠️ MISMATCH] CVE-2014-0664
    Original CWEs : ['399']
    TF-IDF recs   : ['1072', '617'] (scores: [0.184, 0.163])
[⚠️ MISMATCH] CVE-2014-1405
    Original CWEs : ['20']
    TF-IDF recs   : ['601', '698'] (scores: [0.366, 0.327])
[⚠️ MISMATCH] CVE-2014-1406
    Original CWEs : ['20']
    TF-IDF recs   : ['443', '644'] (scores: [0.461, 0.424])
[⚠️ MISMATCH] CVE-2014-1408
    Original CWEs : ['255']
    TF-IDF recs   : ['113', '650'] (scores: [0.216, 0.194])
[⚠️ MISMATCH] CVE-2014-0978
    Original CWEs : ['119']
    TF-IDF recs   : ['121'] (scores: [0.469])
[⚠️ MISMATCH] CVE-2014-0659
    Original CWEs : ['78']
    TF-IDF recs   : ['1277', '1291'] (scores: [0.173, 0.17])
[⚠️ MISMATCH] CVE-2014-0802
    Original CWEs : ['22']
    TF-IDF recs   : ['552', '926'] (scores: [0.132, 0.128])
[⚠️ MISMATCH] CVE-2014-0803
    Original CWEs : ['22']
    TF-IDF recs   : ['926'] (scores: [0.236])
[⚠️ MISMATCH] CVE-2014-0804
    Original CWEs : ['22']
    TF-IDF recs   : ['1057', '1084'] (scores: [0.194, 0.176])
[⚠️ MISMATCH] CVE-2014-0805
    Original CWEs : ['22']
    TF-IDF recs   : ['926', '382'] (scores: [0.179, 0.143])
[⚠️ MISMATCH] CVE-2014-0591
    Original CWEs : ['119']
    TF-IDF recs   : ['617', '943'] (scores: [0.257, 0.205])
[⚠️ MISMATCH] CVE-2014-0031
    Original CWEs : ['264']
    TF-IDF recs   : ['214', '1088'] (scores: [0.188, 0.17])
[⚠️ MISMATCH] CVE-2014-0615
    Original CWEs : ['264']
    TF-IDF recs   : ['78', '1190'] (scores: [0.164, 0.14])
[⚠️ MISMATCH] CVE-2014-0616
    Original CWEs : ['362']
    TF-IDF recs   : ['1086', '1089'] (scores: [0.202, 0.176])
[⚠️ MISMATCH] CVE-2014-1201
    Original CWEs : ['119']
    TF-IDF recs   : ['623', '1291'] (scores: [0.157, 0.142])
[⚠️ MISMATCH] CVE-2014-0665
    Original CWEs : ['264']
    TF-IDF recs   : ['922', '283'] (scores: [0.157, 0.153])
[⚠️ MISMATCH] CVE-2014-0258
    Original CWEs : ['119']
    TF-IDF recs   : ['479', '762'] (scores: [0.14, 0.13])
[⚠️ MISMATCH] CVE-2014-0259
    Original CWEs : ['119']
    TF-IDF recs   : ['479', '762'] (scores: [0.157, 0.145])
    ... (more mismatches in CVE-2014, suppressed)
[⚠️ MISMATCH] CVE-2015-0204
    Original CWEs : ['310']
    TF-IDF recs   : ['599', '1391'] (scores: [0.176, 0.141])
[⚠️ MISMATCH] CVE-2015-0205
    Original CWEs : ['310']
    TF-IDF recs   : ['599', '322'] (scores: [0.249, 0.226])
[⚠️ MISMATCH] CVE-2015-0206
    Original CWEs : ['119']
    TF-IDF recs   : ['1325'] (scores: [0.221])
[⚠️ MISMATCH] CVE-2015-0922
    Original CWEs : ['200']
    TF-IDF recs   : ['261', '640'] (scores: [0.279, 0.249])
[⚠️ MISMATCH] CVE-2015-0560
    Original CWEs : ['19']
    TF-IDF recs   : ['941'] (scores: [0.183])
[⚠️ MISMATCH] CVE-2015-0561
    Original CWEs : ['20']
    TF-IDF recs   : ['129', '1285'] (scores: [0.185, 0.141])
[⚠️ MISMATCH] CVE-2015-0563
    Original CWEs : ['20']
    TF-IDF recs   : ['193', '805'] (scores: [0.201, 0.18])
[⚠️ MISMATCH] CVE-2015-0564
    Original CWEs : ['119']
    TF-IDF recs   : ['941', '384'] (scores: [0.175, 0.155])
[⚠️ MISMATCH] CVE-2015-0582
    Original CWEs : ['20']
    TF-IDF recs   : ['589', '1088'] (scores: [0.148, 0.141])
[⚠️ MISMATCH] CVE-2015-0001
    Original CWEs : ['264']
    TF-IDF recs   : ['58', '422'] (scores: [0.308, 0.242])
[⚠️ MISMATCH] CVE-2015-0002
    Original CWEs : ['264']
    TF-IDF recs   : ['58', '422'] (scores: [0.277, 0.261])
[⚠️ MISMATCH] CVE-2015-0004
    Original CWEs : ['264']
    TF-IDF recs   : ['58', '422'] (scores: [0.301, 0.252])
[⚠️ MISMATCH] CVE-2015-0006
    Original CWEs : ['264']
    TF-IDF recs   : ['58', '422'] (scores: [0.287, 0.232])
[⚠️ MISMATCH] CVE-2015-0011
    Original CWEs : ['264']
    TF-IDF recs   : ['58', '422'] (scores: [0.333, 0.263])
[⚠️ MISMATCH] CVE-2015-0014
    Original CWEs : ['119']
    TF-IDF recs   : ['58', '422'] (scores: [0.312, 0.251])
[⚠️ MISMATCH] CVE-2015-0015
    Original CWEs : ['399']
    TF-IDF recs   : ['1327', '602'] (scores: [0.295, 0.233])
[⚠️ MISMATCH] CVE-2015-0016
    Original CWEs : ['22']
    TF-IDF recs   : ['58', '422'] (scores: [0.304, 0.241])
[⚠️ MISMATCH] CVE-2015-0301
    Original CWEs : ['20']
    TF-IDF recs   : ['58', '589'] (scores: [0.196, 0.157])
[⚠️ MISMATCH] CVE-2015-0304
    Original CWEs : ['119']
    TF-IDF recs   : ['122', '121'] (scores: [0.334, 0.265])
[⚠️ MISMATCH] CVE-2015-0307
    Original CWEs : ['119']
    TF-IDF recs   : ['589', '67'] (scores: [0.186, 0.163])
[⚠️ MISMATCH] CVE-2015-0309
    Original CWEs : ['119']
    TF-IDF recs   : ['122', '121'] (scores: [0.334, 0.265])
[⚠️ MISMATCH] CVE-2015-0578
    Original CWEs : ['20']
    TF-IDF recs   : ['67', '1338'] (scores: [0.165, 0.152])
[⚠️ MISMATCH] CVE-2015-0579
    Original CWEs : ['399']
    TF-IDF recs   : ['941', '1088'] (scores: [0.14, 0.138])
[⚠️ MISMATCH] CVE-2015-0583
    Original CWEs : ['200']
    TF-IDF recs   : ['524', '541'] (scores: [0.153, 0.152])
[⚠️ MISMATCH] CVE-2015-1040
    Original CWEs : ['79']
    TF-IDF recs   : ['98', '129'] (scores: [0.285, 0.279])
[⚠️ MISMATCH] CVE-2015-0591
    Original CWEs : ['399']
    TF-IDF recs   : ['1088', '317'] (scores: [0.185, 0.151])
[⚠️ MISMATCH] CVE-2015-1059
    Original CWEs : ['94']
    TF-IDF recs   : ['98', '434'] (scores: [0.35, 0.342])
[⚠️ MISMATCH] CVE-2015-0219
    Original CWEs : ['17']
    TF-IDF recs   : ['644', '113'] (scores: [0.276, 0.263])
[⚠️ MISMATCH] CVE-2015-0220
    Original CWEs : ['79']
    TF-IDF recs   : ['177', '692'] (scores: [0.332, 0.279])
[⚠️ MISMATCH] CVE-2015-0221
    Original CWEs : ['399']
    TF-IDF recs   : ['1325', '1236'] (scores: [0.156, 0.133])
    ... (more mismatches in CVE-2015, suppressed)
[⚠️ MISMATCH] CVE-2016-1283
    Original CWEs : ['119']
    TF-IDF recs   : ['122', '777'] (scores: [0.332, 0.292])
[⚠️ MISMATCH] CVE-2016-1131
    Original CWEs : ['119']
    TF-IDF recs   : ['680', '122'] (scores: [0.26, 0.252])
[⚠️ MISMATCH] CVE-2016-1499
    Original CWEs : ['200']
    TF-IDF recs   : ['98', '548'] (scores: [0.295, 0.282])
[⚠️ MISMATCH] CVE-2016-1500
    Original CWEs : ['200']
    TF-IDF recs   : ['394', '253'] (scores: [0.233, 0.223])
[⚠️ MISMATCH] CVE-2016-1231
    Original CWEs : ['22']
    TF-IDF recs   : ['55', '44'] (scores: [0.347, 0.287])
[⚠️ MISMATCH] CVE-2016-1715
    Original CWEs : ['189']
    TF-IDF recs   : ['824', '591'] (scores: [0.17, 0.148])
[⚠️ MISMATCH] CVE-2016-0002
    Original CWEs : ['119']
    TF-IDF recs   : ['1088', '1336'] (scores: [0.147, 0.143])
[⚠️ MISMATCH] CVE-2016-0003
    Original CWEs : ['119']
    TF-IDF recs   : ['1088', '564'] (scores: [0.166, 0.13])
[⚠️ MISMATCH] CVE-2016-0005
    Original CWEs : ['20']
    TF-IDF recs   : ['1088', '1385'] (scores: [0.16, 0.142])
[⚠️ MISMATCH] CVE-2016-0006
    Original CWEs : ['264']
    TF-IDF recs   : ['58', '422'] (scores: [0.334, 0.279])
[⚠️ MISMATCH] CVE-2016-0007
    Original CWEs : ['264']
    TF-IDF recs   : ['58', '422'] (scores: [0.334, 0.279])
[⚠️ MISMATCH] CVE-2016-0008
    Original CWEs : ['200']
    TF-IDF recs   : ['58', '422'] (scores: [0.362, 0.274])
[⚠️ MISMATCH] CVE-2016-0009
    Original CWEs : ['264']
    TF-IDF recs   : ['58', '1088'] (scores: [0.255, 0.235])
[⚠️ MISMATCH] CVE-2016-0010
    Original CWEs : ['119']
    TF-IDF recs   : ['1088', '564'] (scores: [0.118, 0.103])
[⚠️ MISMATCH] CVE-2016-0012
    Original CWEs : ['200']
    TF-IDF recs   : ['804', '655'] (scores: [0.139, 0.129])
[⚠️ MISMATCH] CVE-2016-0014
    Original CWEs : ['426']
    TF-IDF recs   : ['58', '422'] (scores: [0.317, 0.265])
[⚠️ MISMATCH] CVE-2016-0015
    Original CWEs : ['119']
    TF-IDF recs   : ['58', '422'] (scores: [0.319, 0.249])
[⚠️ MISMATCH] CVE-2016-0016
    Original CWEs : ['426']
    TF-IDF recs   : ['58', '422'] (scores: [0.312, 0.262])
[⚠️ MISMATCH] CVE-2016-0018
    Original CWEs : ['426']
    TF-IDF recs   : ['58', '422'] (scores: [0.255, 0.219])
[⚠️ MISMATCH] CVE-2016-0019
    Original CWEs : ['254']
    TF-IDF recs   : ['1088', '69'] (scores: [0.28, 0.203])
[⚠️ MISMATCH] CVE-2016-0024
    Original CWEs : ['119']
    TF-IDF recs   : ['1088', '1336'] (scores: [0.15, 0.138])
[⚠️ MISMATCH] CVE-2016-0035
    Original CWEs : ['119']
    TF-IDF recs   : ['1088', '564'] (scores: [0.156, 0.135])
[⚠️ MISMATCH] CVE-2016-1494
    Original CWEs : ['20']
    TF-IDF recs   : ['347', '780'] (scores: [0.194, 0.164])
[⚠️ MISMATCH] CVE-2016-1569
    Original CWEs : ['20']
    TF-IDF recs   : ['1088', '617'] (scores: [0.153, 0.145])
[⚠️ MISMATCH] CVE-2016-0931
    Original CWEs : ['119']
    TF-IDF recs   : ['589', '564'] (scores: [0.17, 0.149])
[⚠️ MISMATCH] CVE-2016-0933
    Original CWEs : ['119']
    TF-IDF recs   : ['589', '564'] (scores: [0.178, 0.157])
[⚠️ MISMATCH] CVE-2016-0936
    Original CWEs : ['119']
    TF-IDF recs   : ['589', '564'] (scores: [0.161, 0.142])
[⚠️ MISMATCH] CVE-2016-0938
    Original CWEs : ['119']
    TF-IDF recs   : ['67', '589'] (scores: [0.169, 0.165])
[⚠️ MISMATCH] CVE-2016-0939
    Original CWEs : ['119']
    TF-IDF recs   : ['824', '825'] (scores: [0.318, 0.24])
[⚠️ MISMATCH] CVE-2016-0942
    Original CWEs : ['119']
    TF-IDF recs   : ['589', '564'] (scores: [0.178, 0.157])
    ... (more mismatches in CVE-2016, suppressed)
[⚠️ MISMATCH] CVE-2017-5005
    Original CWEs : ['787']
    TF-IDF recs   : ['121'] (scores: [0.247])
[⚠️ MISMATCH] CVE-2017-5216
    Original CWEs : ['119']
    TF-IDF recs   : ['121', '122'] (scores: [0.382, 0.282])
[⚠️ MISMATCH] CVE-2017-5217
    Original CWEs : ['20']
    TF-IDF recs   : ['384', '6'] (scores: [0.246, 0.223])
[⚠️ MISMATCH] CVE-2017-0003
    Original CWEs : ['119']
    TF-IDF recs   : ['1088', '564'] (scores: [0.144, 0.125])
[⚠️ MISMATCH] CVE-2017-0004
    Original CWEs : ['20']
    TF-IDF recs   : ['67', '617'] (scores: [0.253, 0.207])
[⚠️ MISMATCH] CVE-2017-2925
    Original CWEs : ['787']
    TF-IDF recs   : ['479', '762'] (scores: [0.147, 0.135])
[⚠️ MISMATCH] CVE-2017-2926
    Original CWEs : ['787']
    TF-IDF recs   : ['479', '641'] (scores: [0.138, 0.131])
[⚠️ MISMATCH] CVE-2017-2927
    Original CWEs : ['787']
    TF-IDF recs   : ['122', '134'] (scores: [0.206, 0.172])
[⚠️ MISMATCH] CVE-2017-2928
    Original CWEs : ['787']
    TF-IDF recs   : ['479', '762'] (scores: [0.125, 0.115])
[⚠️ MISMATCH] CVE-2017-2930
    Original CWEs : ['787']
    TF-IDF recs   : ['479', '762'] (scores: [0.135, 0.124])
[⚠️ MISMATCH] CVE-2017-2931
    Original CWEs : ['787']
    TF-IDF recs   : ['479', '762'] (scores: [0.164, 0.123])
[⚠️ MISMATCH] CVE-2017-2932
    Original CWEs : ['416']
    TF-IDF recs   : ['415', '1062'] (scores: [0.133, 0.127])
[⚠️ MISMATCH] CVE-2017-2933
    Original CWEs : ['787']
    TF-IDF recs   : ['122'] (scores: [0.218])
[⚠️ MISMATCH] CVE-2017-2934
    Original CWEs : ['787']
    TF-IDF recs   : ['122', '134'] (scores: [0.203, 0.17])
[⚠️ MISMATCH] CVE-2017-2935
    Original CWEs : ['787']
    TF-IDF recs   : ['122', '134'] (scores: [0.179, 0.15])
[⚠️ MISMATCH] CVE-2017-2936
    Original CWEs : ['416']
    TF-IDF recs   : ['415', '1062'] (scores: [0.133, 0.127])
[⚠️ MISMATCH] CVE-2017-2937
    Original CWEs : ['416']
    TF-IDF recs   : ['1055', '492'] (scores: [0.237, 0.208])
[⚠️ MISMATCH] CVE-2017-2939
    Original CWEs : ['119']
    TF-IDF recs   : ['641', '479'] (scores: [0.108, 0.104])
[⚠️ MISMATCH] CVE-2017-2940
    Original CWEs : ['119']
    TF-IDF recs   : ['479', '641'] (scores: [0.111, 0.105])
[⚠️ MISMATCH] CVE-2017-2941
    Original CWEs : ['119']
    TF-IDF recs   : ['134', '479'] (scores: [0.137, 0.109])
[⚠️ MISMATCH] CVE-2017-2942
    Original CWEs : ['119']
    TF-IDF recs   : ['122'] (scores: [0.165])
[⚠️ MISMATCH] CVE-2017-2943
    Original CWEs : ['119']
    TF-IDF recs   : ['479', '762'] (scores: [0.106, 0.098])
[⚠️ MISMATCH] CVE-2017-2944
    Original CWEs : ['119']
    TF-IDF recs   : ['641', '479'] (scores: [0.127, 0.105])
[⚠️ MISMATCH] CVE-2017-2945
    Original CWEs : ['119']
    TF-IDF recs   : ['122'] (scores: [0.163])
[⚠️ MISMATCH] CVE-2017-2946
    Original CWEs : ['119']
    TF-IDF recs   : ['122', '94'] (scores: [0.157, 0.115])
[⚠️ MISMATCH] CVE-2017-2947
    Original CWEs : ['20']
    TF-IDF recs   : ['134'] (scores: [0.172])
[⚠️ MISMATCH] CVE-2017-2948
    Original CWEs : ['119']
    TF-IDF recs   : ['680', '122'] (scores: [0.176, 0.171])
[⚠️ MISMATCH] CVE-2017-2949
    Original CWEs : ['119']
    TF-IDF recs   : ['122'] (scores: [0.167])
[⚠️ MISMATCH] CVE-2017-2950
    Original CWEs : ['416']
    TF-IDF recs   : ['415', '641'] (scores: [0.098, 0.09])
[⚠️ MISMATCH] CVE-2017-2951
    Original CWEs : ['416']
    TF-IDF recs   : ['415', '641'] (scores: [0.097, 0.09])
    ... (more mismatches in CVE-2017, suppressed)
[⚠️ MISMATCH] CVE-2018-3810
    Original CWEs : ['287']
    TF-IDF recs   : ['421', '639'] (scores: [0.181, 0.147])
[⚠️ MISMATCH] CVE-2018-3813
    Original CWEs : ['200']
    TF-IDF recs   : ['441', '921'] (scores: [0.23, 0.223])
[⚠️ MISMATCH] CVE-2018-3814
    Original CWEs : ['434']
    TF-IDF recs   : ['98'] (scores: [0.415])
[⚠️ MISMATCH] CVE-2018-4862
    Original CWEs : ['269']
    TF-IDF recs   : ['1249', '732'] (scores: [0.167, 0.151])
[⚠️ MISMATCH] CVE-2018-4868
    Original CWEs : ['770']
    TF-IDF recs   : ['1325', '789'] (scores: [0.28, 0.218])
[⚠️ MISMATCH] CVE-2018-5072
    Original CWEs : ['79']
    TF-IDF recs   : ['98', '692'] (scores: [0.318, 0.29])
[⚠️ MISMATCH] CVE-2018-5073
    Original CWEs : ['352']
    TF-IDF recs   : ['98'] (scores: [0.347])
[⚠️ MISMATCH] CVE-2018-5074
    Original CWEs : ['79']
    TF-IDF recs   : ['98', '692'] (scores: [0.256, 0.234])
[⚠️ MISMATCH] CVE-2018-5075
    Original CWEs : ['79']
    TF-IDF recs   : ['98', '692'] (scores: [0.318, 0.29])
[⚠️ MISMATCH] CVE-2018-5076
    Original CWEs : ['79']
    TF-IDF recs   : ['98', '692'] (scores: [0.318, 0.29])
[⚠️ MISMATCH] CVE-2018-5077
    Original CWEs : ['79']
    TF-IDF recs   : ['98', '692'] (scores: [0.318, 0.29])
[⚠️ MISMATCH] CVE-2018-5078
    Original CWEs : ['79']
    TF-IDF recs   : ['98', '692'] (scores: [0.263, 0.24])
[⚠️ MISMATCH] CVE-2018-5079
    Original CWEs : ['20']
    TF-IDF recs   : ['781', '782'] (scores: [0.296, 0.285])
[⚠️ MISMATCH] CVE-2018-5080
    Original CWEs : ['20']
    TF-IDF recs   : ['781', '782'] (scores: [0.296, 0.285])
[⚠️ MISMATCH] CVE-2018-5081
    Original CWEs : ['20']
    TF-IDF recs   : ['781', '782'] (scores: [0.296, 0.285])
[⚠️ MISMATCH] CVE-2018-5082
    Original CWEs : ['20']
    TF-IDF recs   : ['781', '782'] (scores: [0.296, 0.285])
[⚠️ MISMATCH] CVE-2018-5083
    Original CWEs : ['20']
    TF-IDF recs   : ['781', '782'] (scores: [0.296, 0.285])
[⚠️ MISMATCH] CVE-2018-5084
    Original CWEs : ['20']
    TF-IDF recs   : ['781', '782'] (scores: [0.296, 0.285])
[⚠️ MISMATCH] CVE-2018-5085
    Original CWEs : ['20']
    TF-IDF recs   : ['781', '782'] (scores: [0.296, 0.285])
[⚠️ MISMATCH] CVE-2018-5086
    Original CWEs : ['20']
    TF-IDF recs   : ['781', '782'] (scores: [0.296, 0.285])
[⚠️ MISMATCH] CVE-2018-5087
    Original CWEs : ['20']
    TF-IDF recs   : ['781', '782'] (scores: [0.296, 0.285])
[⚠️ MISMATCH] CVE-2018-5088
    Original CWEs : ['20']
    TF-IDF recs   : ['781', '782'] (scores: [0.296, 0.285])
[⚠️ MISMATCH] CVE-2018-0103
    Original CWEs : ['119']
    TF-IDF recs   : ['564', '61'] (scores: [0.188, 0.176])
[⚠️ MISMATCH] CVE-2018-0104
    Original CWEs : ['20']
    TF-IDF recs   : ['564', '61'] (scores: [0.189, 0.177])
[⚠️ MISMATCH] CVE-2018-0114
    Original CWEs : ['347']
    TF-IDF recs   : ['1291'] (scores: [0.431])
[⚠️ MISMATCH] CVE-2018-1190
    Original CWEs : ['79']
    TF-IDF recs   : ['384', '613'] (scores: [0.201, 0.181])
[⚠️ MISMATCH] CVE-2018-5210
    Original CWEs : ['787']
    TF-IDF recs   : ['121', '328'] (scores: [0.137, 0.127])
[⚠️ MISMATCH] CVE-2018-0745
    Original CWEs : ['665']
    TF-IDF recs   : ['58', '1328'] (scores: [0.242, 0.202])
[⚠️ MISMATCH] CVE-2018-0746
    Original CWEs : ['665']
    TF-IDF recs   : ['58', '422'] (scores: [0.302, 0.243])
[⚠️ MISMATCH] CVE-2018-0748
    Original CWEs : ['269']
    TF-IDF recs   : ['58', '422'] (scores: [0.333, 0.268])
    ... (more mismatches in CVE-2018, suppressed)
[⚠️ MISMATCH] CVE-2019-3501
    Original CWEs : ['79']
    TF-IDF recs   : ['692', '82'] (scores: [0.22, 0.167])
[⚠️ MISMATCH] CVE-2019-3572
    Original CWEs : ['125']
    TF-IDF recs   : ['122', '121'] (scores: [0.293, 0.229])
[⚠️ MISMATCH] CVE-2019-3574
    Original CWEs : ['125']
    TF-IDF recs   : ['122', '121'] (scores: [0.433, 0.353])
[⚠️ MISMATCH] CVE-2019-3580
    Original CWEs : ['22']
    TF-IDF recs   : ['39', '910'] (scores: [0.23, 0.209])
[⚠️ MISMATCH] CVE-2019-3701
    Original CWEs : ['787']
    TF-IDF recs   : ['822', '823'] (scores: [0.177, 0.13])
[⚠️ MISMATCH] CVE-2019-3575
    Original CWEs : ['94']
    TF-IDF recs   : ['560', '564'] (scores: [0.235, 0.205])
[⚠️ MISMATCH] CVE-2019-5005
    Original CWEs : ['787']
    TF-IDF recs   : ['825', '401'] (scores: [0.188, 0.16])
[⚠️ MISMATCH] CVE-2019-5007
    Original CWEs : ['125']
    TF-IDF recs   : ['690', '476'] (scores: [0.418, 0.401])
[⚠️ MISMATCH] CVE-2019-5009
    Original CWEs : ['434']
    TF-IDF recs   : ['98'] (scores: [0.406])
[⚠️ MISMATCH] CVE-2019-5310
    Original CWEs : ['79']
    TF-IDF recs   : ['98'] (scores: [0.322])
[⚠️ MISMATCH] CVE-2019-5311
    Original CWEs : ['79']
    TF-IDF recs   : ['129', '1285'] (scores: [0.489, 0.35])
[⚠️ MISMATCH] CVE-2019-5312
    Original CWEs : ['611']
    TF-IDF recs   : ['1047', '1066'] (scores: [0.159, 0.142])
[⚠️ MISMATCH] CVE-2019-5488
    Original CWEs : ['89']
    TF-IDF recs   : ['98', '619'] (scores: [0.325, 0.268])
[⚠️ MISMATCH] CVE-2019-5489
    Original CWEs : ['319']
    TF-IDF recs   : ['524', '650'] (scores: [0.169, 0.142])
[⚠️ MISMATCH] CVE-2019-5720
    Original CWEs : ['89']
    TF-IDF recs   : ['564', '619'] (scores: [0.271, 0.27])
[⚠️ MISMATCH] CVE-2019-0247
    Original CWEs : ['94']
    TF-IDF recs   : ['561'] (scores: [0.27])
[⚠️ MISMATCH] CVE-2019-0539
    Original CWEs : ['787']
    TF-IDF recs   : ['762', '1088'] (scores: [0.138, 0.135])
[⚠️ MISMATCH] CVE-2019-0541
    Original CWEs : ['77']
    TF-IDF recs   : ['1088'] (scores: [0.186])
[⚠️ MISMATCH] CVE-2019-0543
    Original CWEs : ['287']
    TF-IDF recs   : ['58', '422'] (scores: [0.344, 0.277])
[⚠️ MISMATCH] CVE-2019-0545
    Original CWEs : ['200']
    TF-IDF recs   : ['554', '520'] (scores: [0.356, 0.334])
[⚠️ MISMATCH] CVE-2019-0547
    Original CWEs : ['787']
    TF-IDF recs   : ['58', '602'] (scores: [0.221, 0.217])
[⚠️ MISMATCH] CVE-2019-0548
    Original CWEs : ['19']
    TF-IDF recs   : ['1174', '556'] (scores: [0.511, 0.477])
[⚠️ MISMATCH] CVE-2019-0550
    Original CWEs : ['20']
    TF-IDF recs   : ['58', '422'] (scores: [0.264, 0.201])
[⚠️ MISMATCH] CVE-2019-0551
    Original CWEs : ['20']
    TF-IDF recs   : ['58', '422'] (scores: [0.282, 0.217])
[⚠️ MISMATCH] CVE-2019-0552
    Original CWEs : ['863']
    TF-IDF recs   : ['58', '422'] (scores: [0.346, 0.278])
[⚠️ MISMATCH] CVE-2019-0555
    Original CWEs : ['862']
    TF-IDF recs   : ['58', '422'] (scores: [0.301, 0.246])
[⚠️ MISMATCH] CVE-2019-0564
    Original CWEs : ['19']
    TF-IDF recs   : ['1174', '556'] (scores: [0.477, 0.445])
[⚠️ MISMATCH] CVE-2019-0565
    Original CWEs : ['787']
    TF-IDF recs   : ['762', '1088'] (scores: [0.148, 0.145])
[⚠️ MISMATCH] CVE-2019-0566
    Original CWEs : ['862']
    TF-IDF recs   : ['272', '266'] (scores: [0.13, 0.117])
[⚠️ MISMATCH] CVE-2019-0567
    Original CWEs : ['787']
    TF-IDF recs   : ['762', '1088'] (scores: [0.138, 0.135])
    ... (more mismatches in CVE-2019, suppressed)
[⚠️ MISMATCH] CVE-2020-5179
    Original CWEs : ['78']
    TF-IDF recs   : ['291'] (scores: [0.315])
[⚠️ MISMATCH] CVE-2020-5311
    Original CWEs : ['120']
    TF-IDF recs   : ['680', '122'] (scores: [0.602, 0.585])
[⚠️ MISMATCH] CVE-2020-5312
    Original CWEs : ['120']
    TF-IDF recs   : ['680', '122'] (scores: [0.49, 0.476])
[⚠️ MISMATCH] CVE-2020-5313
    Original CWEs : ['125']
    TF-IDF recs   : ['680', '122'] (scores: [0.602, 0.585])
[⚠️ MISMATCH] CVE-2020-5395
    Original CWEs : ['416']
    TF-IDF recs   : ['415', '590'] (scores: [0.31, 0.268])
[⚠️ MISMATCH] CVE-2020-5496
    Original CWEs : ['787']
    TF-IDF recs   : ['122', '121'] (scores: [0.683, 0.566])
[⚠️ MISMATCH] CVE-2020-5497
    Original CWEs : ['79']
    TF-IDF recs   : ['86', '564'] (scores: [0.128, 0.121])
[⚠️ MISMATCH] CVE-2020-5305
    Original CWEs : ['79']
    TF-IDF recs   : ['692', '1249'] (scores: [0.201, 0.189])
[⚠️ MISMATCH] CVE-2020-5306
    Original CWEs : ['79']
    TF-IDF recs   : ['233', '692'] (scores: [0.211, 0.206])
[⚠️ MISMATCH] CVE-2020-5191
    Original CWEs : ['79']
    TF-IDF recs   : ['98', '692'] (scores: [0.246, 0.225])
[⚠️ MISMATCH] CVE-2020-5192
    Original CWEs : ['89']
    TF-IDF recs   : ['564', '619'] (scores: [0.276, 0.226])
[⚠️ MISMATCH] CVE-2020-5519
    Original CWEs : ['20']
    TF-IDF recs   : ['918', '441'] (scores: [0.238, 0.235])
[⚠️ MISMATCH] CVE-2020-5840
    Original CWEs : ['22']
    TF-IDF recs   : ['1072', '410'] (scores: [0.202, 0.187])
[⚠️ MISMATCH] CVE-2020-5843
    Original CWEs : ['79']
    TF-IDF recs   : ['692'] (scores: [0.242])
[⚠️ MISMATCH] CVE-2020-5393
    Original CWEs : ['79']
    TF-IDF recs   : ['6', '384'] (scores: [0.373, 0.36])
[⚠️ MISMATCH] CVE-2020-5307
    Original CWEs : ['89']
    TF-IDF recs   : ['98', '473'] (scores: [0.316, 0.264])
[⚠️ MISMATCH] CVE-2020-5842
    Original CWEs : ['79']
    TF-IDF recs   : ['129', '98'] (scores: [0.244, 0.221])
[⚠️ MISMATCH] CVE-2020-6163
    Original CWEs : ['79']
    TF-IDF recs   : ['1336'] (scores: [0.454])
[⚠️ MISMATCH] CVE-2020-6170
    Original CWEs : ['200']
    TF-IDF recs   : ['540', '1078'] (scores: [0.192, 0.165])
[⚠️ MISMATCH] CVE-2020-0009
    Original CWEs : ['276']
    TF-IDF recs   : ['1260', '662'] (scores: [0.15, 0.143])
[⚠️ MISMATCH] CVE-2020-0002
    Original CWEs : ['416']
    TF-IDF recs   : ['926'] (scores: [0.173])
[⚠️ MISMATCH] CVE-2020-0004
    Original CWEs : ['755']
    TF-IDF recs   : ['926'] (scores: [0.162])
[⚠️ MISMATCH] CVE-2020-0006
    Original CWEs : ['908']
    TF-IDF recs   : ['926'] (scores: [0.176])
[⚠️ MISMATCH] CVE-2020-0007
    Original CWEs : ['908']
    TF-IDF recs   : ['926'] (scores: [0.175])
[⚠️ MISMATCH] CVE-2020-0008
    Original CWEs : ['125']
    TF-IDF recs   : ['926'] (scores: [0.176])
[⚠️ MISMATCH] CVE-2020-6583
    Original CWEs : ['79']
    TF-IDF recs   : ['384', '6'] (scores: [0.343, 0.259])
[⚠️ MISMATCH] CVE-2020-6609
    Original CWEs : ['125']
    TF-IDF recs   : ['122', '121'] (scores: [0.459, 0.35])
[⚠️ MISMATCH] CVE-2020-6610
    Original CWEs : ['770']
    TF-IDF recs   : ['789', '1325'] (scores: [0.341, 0.322])
[⚠️ MISMATCH] CVE-2020-6612
    Original CWEs : ['125']
    TF-IDF recs   : ['122', '121'] (scores: [0.459, 0.35])
[⚠️ MISMATCH] CVE-2020-6613
    Original CWEs : ['125']
    TF-IDF recs   : ['122', '121'] (scores: [0.426, 0.325])
    ... (more mismatches in CVE-2020, suppressed)
[⚠️ MISMATCH] CVE-2021-3002
    Original CWEs : ['79']
    TF-IDF recs   : ['98', '692'] (scores: [0.25, 0.229])
[⚠️ MISMATCH] CVE-2021-3004
    Original CWEs : ['682']
    TF-IDF recs   : ['1270', '1259'] (scores: [0.246, 0.22])
[⚠️ MISMATCH] CVE-2021-21494
    Original CWEs : ['732']
    TF-IDF recs   : ['1004', '384'] (scores: [0.312, 0.253])
[⚠️ MISMATCH] CVE-2021-21495
    Original CWEs : ['352']
    TF-IDF recs   : ['98', '261'] (scores: [0.205, 0.203])
[⚠️ MISMATCH] CVE-2021-3007
    Original CWEs : ['502']
    TF-IDF recs   : ['113', '644'] (scores: [0.314, 0.256])
[⚠️ MISMATCH] CVE-2021-3014
    Original CWEs : ['79']
    TF-IDF recs   : ['1022', '692'] (scores: [0.233, 0.211])
[⚠️ MISMATCH] CVE-2021-21234
    Original CWEs : ['22']
    TF-IDF recs   : ['27', '26'] (scores: [0.194, 0.189])
[⚠️ MISMATCH] CVE-2021-22492
    Original CWEs : ['120']
    TF-IDF recs   : ['680', '122'] (scores: [0.259, 0.251])
[⚠️ MISMATCH] CVE-2021-22495
    Original CWEs : ['787']
    TF-IDF recs   : ['1256', '921'] (scores: [0.207, 0.177])
[⚠️ MISMATCH] CVE-2021-3026
    Original CWEs : ['79']
    TF-IDF recs   : ['151', '692'] (scores: [0.196, 0.19])
[⚠️ MISMATCH] CVE-2021-21236
    Original CWEs : ['400']
    TF-IDF recs   : ['777', '1333'] (scores: [0.518, 0.42])
[⚠️ MISMATCH] CVE-2021-3011
    Original CWEs : ['670']
    TF-IDF recs   : ['1263', '462'] (scores: [0.205, 0.2])
[⚠️ MISMATCH] CVE-2021-23241
    Original CWEs : ['22']
    TF-IDF recs   : ['84', '86'] (scores: [0.276, 0.268])
[⚠️ MISMATCH] CVE-2021-23242
    Original CWEs : ['22']
    TF-IDF recs   : ['1336'] (scores: [0.35])
[⚠️ MISMATCH] CVE-2021-1051
    Original CWEs : ['269']
    TF-IDF recs   : ['451', '271'] (scores: [0.212, 0.192])
[⚠️ MISMATCH] CVE-2021-1053
    Original CWEs : ['20']
    TF-IDF recs   : ['781', '782'] (scores: [0.267, 0.263])
[⚠️ MISMATCH] CVE-2021-1056
    Original CWEs : ['276']
    TF-IDF recs   : ['67', '1054'] (scores: [0.187, 0.179])
[⚠️ MISMATCH] CVE-2021-1057
    Original CWEs : ['770']
    TF-IDF recs   : ['1328', '439'] (scores: [0.206, 0.183])
[⚠️ MISMATCH] CVE-2021-1058
    Original CWEs : ['1284']
    TF-IDF recs   : ['1328', '439'] (scores: [0.232, 0.207])
[⚠️ MISMATCH] CVE-2021-1059
    Original CWEs : ['190']
    TF-IDF recs   : ['680', '1328'] (scores: [0.254, 0.218])
[⚠️ MISMATCH] CVE-2021-1060
    Original CWEs : ['20']
    TF-IDF recs   : ['1328', '439'] (scores: [0.242, 0.216])
[⚠️ MISMATCH] CVE-2021-1061
    Original CWEs : ['362']
    TF-IDF recs   : ['1328', '439'] (scores: [0.206, 0.183])
[⚠️ MISMATCH] CVE-2021-1062
    Original CWEs : ['1284']
    TF-IDF recs   : ['1328', '439'] (scores: [0.242, 0.216])
[⚠️ MISMATCH] CVE-2021-1063
    Original CWEs : ['125']
    TF-IDF recs   : ['1328', '439'] (scores: [0.221, 0.197])
[⚠️ MISMATCH] CVE-2021-1064
    Original CWEs : ['476']
    TF-IDF recs   : ['822'] (scores: [0.347])
[⚠️ MISMATCH] CVE-2021-1065
    Original CWEs : ['20']
    TF-IDF recs   : ['1328', '439'] (scores: [0.249, 0.222])
[⚠️ MISMATCH] CVE-2021-1066
    Original CWEs : ['20']
    TF-IDF recs   : ['1328', '439'] (scores: [0.222, 0.198])
[⚠️ MISMATCH] CVE-2021-3111
    Original CWEs : ['79']
    TF-IDF recs   : ['596', '129'] (scores: [0.159, 0.156])
[⚠️ MISMATCH] CVE-2021-21106
    Original CWEs : ['416']
    TF-IDF recs   : ['1088', '415'] (scores: [0.148, 0.135])
[⚠️ MISMATCH] CVE-2021-21107
    Original CWEs : ['416']
    TF-IDF recs   : ['273', '1088'] (scores: [0.145, 0.137])
    ... (more mismatches in CVE-2021, suppressed)
[⚠️ MISMATCH] CVE-2022-22293
    Original CWEs : ['79']
    TF-IDF recs   : ['98', '1320'] (scores: [0.234, 0.179])
[⚠️ MISMATCH] CVE-2022-20012
    Original CWEs : ['190']
    TF-IDF recs   : ['680', '6'] (scores: [0.271, 0.232])
[⚠️ MISMATCH] CVE-2022-20013
    Original CWEs : ['367']
    TF-IDF recs   : ['6', '363'] (scores: [0.243, 0.17])
[⚠️ MISMATCH] CVE-2022-20014
    Original CWEs : ['787']
    TF-IDF recs   : ['6', '1173'] (scores: [0.24, 0.186])
[⚠️ MISMATCH] CVE-2022-20015
    Original CWEs : ['908']
    TF-IDF recs   : ['6'] (scores: [0.234])
[⚠️ MISMATCH] CVE-2022-20016
    Original CWEs : ['667']
    TF-IDF recs   : ['6'] (scores: [0.248])
[⚠️ MISMATCH] CVE-2022-20018
    Original CWEs : ['908']
    TF-IDF recs   : ['6'] (scores: [0.234])
[⚠️ MISMATCH] CVE-2022-20019
    Original CWEs : ['20']
    TF-IDF recs   : ['6'] (scores: [0.229])
[⚠️ MISMATCH] CVE-2022-20020
    Original CWEs : ['20']
    TF-IDF recs   : ['6'] (scores: [0.228])
[⚠️ MISMATCH] CVE-2022-20023
    Original CWEs : ['772']
    TF-IDF recs   : ['6'] (scores: [0.249])
[⚠️ MISMATCH] CVE-2022-21648
    Original CWEs : ['79']
    TF-IDF recs   : ['1336'] (scores: [0.431])
[⚠️ MISMATCH] CVE-2022-21649
    Original CWEs : ['79']
    TF-IDF recs   : ['116', '157'] (scores: [0.16, 0.132])
[⚠️ MISMATCH] CVE-2022-21650
    Original CWEs : ['79']
    TF-IDF recs   : ['646', '434'] (scores: [0.292, 0.285])
[⚠️ MISMATCH] CVE-2022-22107
    Original CWEs : ['862']
    TF-IDF recs   : ['1249', '704'] (scores: [0.223, 0.196])
[⚠️ MISMATCH] CVE-2022-22108
    Original CWEs : ['862']
    TF-IDF recs   : ['1249', '704'] (scores: [0.217, 0.186])
[⚠️ MISMATCH] CVE-2022-22111
    Original CWEs : ['862']
    TF-IDF recs   : ['640', '926'] (scores: [0.276, 0.226])
[⚠️ MISMATCH] CVE-2022-21642
    Original CWEs : ['200']
    TF-IDF recs   : ['1328', '439'] (scores: [0.292, 0.254])
[⚠️ MISMATCH] CVE-2022-21652
    Original CWEs : ['613']
    TF-IDF recs   : ['640', '384'] (scores: [0.316, 0.314])
[⚠️ MISMATCH] CVE-2022-21653
    Original CWEs : ['326']
    TF-IDF recs   : ['328', '836'] (scores: [0.132, 0.125])
[⚠️ MISMATCH] CVE-2022-22704
    Original CWEs : ['909']
    TF-IDF recs   : ['1260'] (scores: [0.18])
[⚠️ MISMATCH] CVE-2022-22707
    Original CWEs : ['787']
    TF-IDF recs   : ['121'] (scores: [0.333])
[⚠️ MISMATCH] CVE-2022-21661
    Original CWEs : ['89']
    TF-IDF recs   : ['619', '1328'] (scores: [0.206, 0.169])
[⚠️ MISMATCH] CVE-2022-21662
    Original CWEs : ['79']
    TF-IDF recs   : ['653', '1328'] (scores: [0.164, 0.137])
[⚠️ MISMATCH] CVE-2022-21663
    Original CWEs : ['502']
    TF-IDF recs   : ['619', '1328'] (scores: [0.169, 0.151])
[⚠️ MISMATCH] CVE-2022-21664
    Original CWEs : ['89']
    TF-IDF recs   : ['1328', '486'] (scores: [0.15, 0.14])
[⚠️ MISMATCH] CVE-2022-21667
    Original CWEs : ['755']
    TF-IDF recs   : ['918', '650'] (scores: [0.291, 0.231])
[⚠️ MISMATCH] CVE-2022-21823
    Original CWEs : ['922']
    TF-IDF recs   : ['312', '200'] (scores: [0.259, 0.197])
[⚠️ MISMATCH] CVE-2022-22263
    Original CWEs : ['269']
    TF-IDF recs   : ['926', '927'] (scores: [0.136, 0.118])
[⚠️ MISMATCH] CVE-2022-22264
    Original CWEs : ['20']
    TF-IDF recs   : ['927', '123'] (scores: [0.244, 0.217])
[⚠️ MISMATCH] CVE-2022-22266
    Original CWEs : ['269']
    TF-IDF recs   : ['926', '732'] (scores: [0.136, 0.129])
    ... (more mismatches in CVE-2022, suppressed)
[⚠️ MISMATCH] CVE-2023-0029
    Original CWEs : ['404']
    TF-IDF recs   : ['617', '67'] (scores: [0.258, 0.218])
[⚠️ MISMATCH] CVE-2023-22451
    Original CWEs : ['521']
    TF-IDF recs   : ['640', '261'] (scores: [0.374, 0.342])
[⚠️ MISMATCH] CVE-2023-22452
    Original CWEs : ['20']
    TF-IDF recs   : ['1327', '602'] (scores: [0.194, 0.176])
[⚠️ MISMATCH] CVE-2023-22456
    Original CWEs : ['79']
    TF-IDF recs   : ['527', '439'] (scores: [0.234, 0.23])
[⚠️ MISMATCH] CVE-2023-22460
    Original CWEs : ['20']
    TF-IDF recs   : ['158', '838'] (scores: [0.091, 0.083])
[⚠️ MISMATCH] CVE-2023-22464
    Original CWEs : ['79']
    TF-IDF recs   : ['439', '1328'] (scores: [0.231, 0.227])
[⚠️ MISMATCH] CVE-2023-22465
    Original CWEs : ['20']
    TF-IDF recs   : ['113', '644'] (scores: [0.244, 0.226])
[⚠️ MISMATCH] CVE-2023-0055
    Original CWEs : ['319']
    TF-IDF recs   : ['614'] (scores: [0.7])
[⚠️ MISMATCH] CVE-2023-22466
    Original CWEs : ['665']
    TF-IDF recs   : ['1328', '439'] (scores: [0.237, 0.189])
[⚠️ MISMATCH] CVE-2023-22467
    Original CWEs : ['1333']
    TF-IDF recs   : ['502', '349'] (scores: [0.158, 0.157])
[⚠️ MISMATCH] CVE-2023-22453
    Original CWEs : ['200']
    TF-IDF recs   : ['439', '1328'] (scores: [0.295, 0.29])
[⚠️ MISMATCH] CVE-2023-0113
    Original CWEs : ['200']
    TF-IDF recs   : ['694', '430'] (scores: [0.139, 0.125])
[⚠️ MISMATCH] CVE-2023-0035
    Original CWEs : ['294']
    TF-IDF recs   : ['290', '305'] (scores: [0.272, 0.269])
[⚠️ MISMATCH] CVE-2023-0036
    Original CWEs : ['294']
    TF-IDF recs   : ['290', '305'] (scores: [0.28, 0.277])
[⚠️ MISMATCH] CVE-2023-22472
    Original CWEs : ['352']
    TF-IDF recs   : ['59', '601'] (scores: [0.176, 0.14])
[⚠️ MISMATCH] CVE-2023-22473
    Original CWEs : ['284']
    TF-IDF recs   : ['1263', '926'] (scores: [0.177, 0.175])
[⚠️ MISMATCH] CVE-2023-22477
    Original CWEs : ['248']
    TF-IDF recs   : ['655', '1328'] (scores: [0.175, 0.15])
[⚠️ MISMATCH] CVE-2023-22898
    Original CWEs : ['20']
    TF-IDF recs   : ['511', '409'] (scores: [0.204, 0.178])
[⚠️ MISMATCH] CVE-2023-22899
    Original CWEs : ['346']
    TF-IDF recs   : ['414'] (scores: [0.235])
[⚠️ MISMATCH] CVE-2023-0012
    Original CWEs : ['284']
    TF-IDF recs   : ['73', '942'] (scores: [0.151, 0.136])
[⚠️ MISMATCH] CVE-2023-0015
    Original CWEs : ['79']
    TF-IDF recs   : ['692', '451'] (scores: [0.174, 0.146])
[⚠️ MISMATCH] CVE-2023-0016
    Original CWEs : ['89']
    TF-IDF recs   : ['619', '564'] (scores: [0.265, 0.252])
[⚠️ MISMATCH] CVE-2023-0017
    Original CWEs : ['284']
    TF-IDF recs   : ['639', '488'] (scores: [0.192, 0.166])
[⚠️ MISMATCH] CVE-2023-0018
    Original CWEs : ['79']
    TF-IDF recs   : ['85', '87'] (scores: [0.204, 0.198])
[⚠️ MISMATCH] CVE-2023-0022
    Original CWEs : ['94']
    TF-IDF recs   : ['561', '926'] (scores: [0.187, 0.147])
[⚠️ MISMATCH] CVE-2023-0023
    Original CWEs : ['200']
    TF-IDF recs   : ['1266', '601'] (scores: [0.233, 0.207])
[⚠️ MISMATCH] CVE-2023-22320
    Original CWEs : ['22']
    TF-IDF recs   : ['647', '1268'] (scores: [0.163, 0.151])
[⚠️ MISMATCH] CVE-2023-22911
    Original CWEs : ['79']
    TF-IDF recs   : ['82'] (scores: [0.214])
[⚠️ MISMATCH] CVE-2023-0128
    Original CWEs : ['416']
    TF-IDF recs   : ['590', '450'] (scores: [0.183, 0.133])
[⚠️ MISMATCH] CVE-2023-0129
    Original CWEs : ['787']
    TF-IDF recs   : ['122'] (scores: [0.395])
    ... (more mismatches in CVE-2023, suppressed)
[⚠️ MISMATCH] CVE-2024-21732
    Original CWEs : ['79']
    TF-IDF recs   : ['692', '245'] (scores: [0.235, 0.175])
[⚠️ MISMATCH] CVE-2024-0183
    Original CWEs : ['80']
    TF-IDF recs   : ['79', '644'] (scores: [0.254, 0.193])
[⚠️ MISMATCH] CVE-2024-0193
    Original CWEs : ['416']
    TF-IDF recs   : ['415'] (scores: [0.239])
[⚠️ MISMATCH] CVE-2024-0191
    Original CWEs : ['538']
    TF-IDF recs   : ['379', '646'] (scores: [0.165, 0.139])
[⚠️ MISMATCH] CVE-2024-0195
    Original CWEs : ['94']
    TF-IDF recs   : ['493', '111'] (scores: [0.13, 0.121])
[⚠️ MISMATCH] CVE-2024-21623
    Original CWEs : ['74']
    TF-IDF recs   : ['570', '571'] (scores: [0.131, 0.13])
[⚠️ MISMATCH] CVE-2024-0196
    Original CWEs : ['94']
    TF-IDF recs   : ['694', '1341'] (scores: [0.139, 0.135])
[⚠️ MISMATCH] CVE-2024-21629
    Original CWEs : ['703']
    TF-IDF recs   : ['562'] (scores: [0.205])
[⚠️ MISMATCH] CVE-2024-21632
    Original CWEs : ['287']
    TF-IDF recs   : ['446', '1328'] (scores: [0.141, 0.135])
[⚠️ MISMATCH] CVE-2024-0207
    Original CWEs : ['125']
    TF-IDF recs   : ['294', '67'] (scores: [0.19, 0.175])
[⚠️ MISMATCH] CVE-2024-0208
    Original CWEs : ['230']
    TF-IDF recs   : ['294', '67'] (scores: [0.19, 0.175])
[⚠️ MISMATCH] CVE-2024-0209
    Original CWEs : ['476']
    TF-IDF recs   : ['294', '67'] (scores: [0.19, 0.175])
[⚠️ MISMATCH] CVE-2024-0210
    Original CWEs : ['674']
    TF-IDF recs   : ['294', '67'] (scores: [0.19, 0.175])
[⚠️ MISMATCH] CVE-2024-0211
    Original CWEs : ['835']
    TF-IDF recs   : ['294', '67'] (scores: [0.19, 0.175])
[⚠️ MISMATCH] CVE-2024-0201
    Original CWEs : ['862']
    TF-IDF recs   : ['281', '279'] (scores: [0.157, 0.136])
[⚠️ MISMATCH] CVE-2024-21909
    Original CWEs : ['407']
    TF-IDF recs   : ['617', '606'] (scores: [0.24, 0.215])
[⚠️ MISMATCH] CVE-2024-0217
    Original CWEs : ['416']
    TF-IDF recs   : ['1257', '1260'] (scores: [0.369, 0.308])
[⚠️ MISMATCH] CVE-2024-21622
    Original CWEs : ['269']
    TF-IDF recs   : ['1260', '286'] (scores: [0.145, 0.117])
[⚠️ MISMATCH] CVE-2024-21631
    Original CWEs : ['190']
    TF-IDF recs   : ['177', '939'] (scores: [0.262, 0.235])
[⚠️ MISMATCH] CVE-2024-21633
    Original CWEs : ['22']
    TF-IDF recs   : ['668', '73'] (scores: [0.228, 0.183])
[⚠️ MISMATCH] CVE-2024-21634
    Original CWEs : ['770']
    TF-IDF recs   : ['111', '349'] (scores: [0.158, 0.153])
[⚠️ MISMATCH] CVE-2024-20803
    Original CWEs : ['287']
    TF-IDF recs   : ['1088', '403'] (scores: [0.195, 0.18])
[⚠️ MISMATCH] CVE-2024-20804
    Original CWEs : ['22']
    TF-IDF recs   : ['123', '39'] (scores: [0.172, 0.167])
[⚠️ MISMATCH] CVE-2024-20805
    Original CWEs : ['22']
    TF-IDF recs   : ['123', '39'] (scores: [0.172, 0.167])
[⚠️ MISMATCH] CVE-2024-0222
    Original CWEs : ['416']
    TF-IDF recs   : ['590'] (scores: [0.205])
[⚠️ MISMATCH] CVE-2024-0223
    Original CWEs : ['787']
    TF-IDF recs   : ['122'] (scores: [0.435])
[⚠️ MISMATCH] CVE-2024-0224
    Original CWEs : ['416']
    TF-IDF recs   : ['590'] (scores: [0.213])
[⚠️ MISMATCH] CVE-2024-0225
    Original CWEs : ['416']
    TF-IDF recs   : ['590'] (scores: [0.213])
[⚠️ MISMATCH] CVE-2024-21625
    Original CWEs : ['20']
    TF-IDF recs   : ['615', '939'] (scores: [0.171, 0.157])
[⚠️ MISMATCH] CVE-2024-0241
    Original CWEs : ['770']
    TF-IDF recs   : ['400', '113'] (scores: [0.248, 0.194])
    ... (more mismatches in CVE-2024, suppressed)
[⚠️ MISMATCH] CVE-2025-22275
    Original CWEs : ['532']
    TF-IDF recs   : ['1088', '98'] (scores: [0.235, 0.187])
[⚠️ MISMATCH] CVE-2025-21609
    Original CWEs : ['459', '552']
    TF-IDF recs   : ['1328', '439'] (scores: [0.163, 0.156])
[⚠️ MISMATCH] CVE-2025-22376
    Original CWEs : ['338']
    TF-IDF recs   : ['520', '556'] (scores: [0.249, 0.188])
[⚠️ MISMATCH] CVE-2025-22383
    Original CWEs : ['79']
    TF-IDF recs   : ['1173', '554'] (scores: [0.18, 0.132])
[⚠️ MISMATCH] CVE-2025-22384
    Original CWEs : ['472']
    TF-IDF recs   : ['207', '650'] (scores: [0.134, 0.104])
[⚠️ MISMATCH] CVE-2025-22385
    Original CWEs : ['862']
    TF-IDF recs   : ['593', '521'] (scores: [0.134, 0.097])
[⚠️ MISMATCH] CVE-2025-22386
    Original CWEs : ['613']
    TF-IDF recs   : ['384', '6'] (scores: [0.379, 0.288])
[⚠️ MISMATCH] CVE-2025-22387
    Original CWEs : ['598']
    TF-IDF recs   : ['384', '6'] (scores: [0.474, 0.404])
[⚠️ MISMATCH] CVE-2025-0202
    Original CWEs : ['73']
    TF-IDF recs   : ['541', '560'] (scores: [0.156, 0.148])
[⚠️ MISMATCH] CVE-2025-0206
    Original CWEs : ['266']
    TF-IDF recs   : ['98', '129'] (scores: [0.134, 0.13])
[⚠️ MISMATCH] CVE-2025-0211
    Original CWEs : ['73']
    TF-IDF recs   : ['98', '646'] (scores: [0.174, 0.152])
[⚠️ MISMATCH] CVE-2025-0214
    Original CWEs : ['74']
    TF-IDF recs   : ['89', '564'] (scores: [0.173, 0.141])
[⚠️ MISMATCH] CVE-2025-0224
    Original CWEs : ['200']
    TF-IDF recs   : ['529', '1327'] (scores: [0.119, 0.106])
[⚠️ MISMATCH] CVE-2025-0225
    Original CWEs : ['23']
    TF-IDF recs   : ['28', '24'] (scores: [0.172, 0.132])
[⚠️ MISMATCH] CVE-2025-0226
    Original CWEs : ['200']
    TF-IDF recs   : ['560', '41'] (scores: [0.115, 0.109])
[⚠️ MISMATCH] CVE-2025-0227
    Original CWEs : ['200']
    TF-IDF recs   : ['560', '41'] (scores: [0.129, 0.122])
[⚠️ MISMATCH] CVE-2025-21604
    Original CWEs : ['328']
    TF-IDF recs   : ['434'] (scores: [0.293])
[⚠️ MISMATCH] CVE-2025-21611
    Original CWEs : ['285']
    TF-IDF recs   : ['281', '279'] (scores: [0.182, 0.161])
[⚠️ MISMATCH] CVE-2025-21612
    Original CWEs : ['79']
    TF-IDF recs   : ['646', '97'] (scores: [0.24, 0.168])
[⚠️ MISMATCH] CVE-2025-21613
    Original CWEs : ['88']
    TF-IDF recs   : ['434', '188'] (scores: [0.167, 0.155])
[⚠️ MISMATCH] CVE-2025-21614
    Original CWEs : ['400']
    TF-IDF recs   : ['589', '617'] (scores: [0.187, 0.182])
[⚠️ MISMATCH] CVE-2025-21615
    Original CWEs : ['200']
    TF-IDF recs   : ['926', '1266'] (scores: [0.137, 0.114])
[⚠️ MISMATCH] CVE-2025-21618
    Original CWEs : ['287']
    TF-IDF recs   : ['450', '86'] (scores: [0.153, 0.136])
[⚠️ MISMATCH] CVE-2025-21617
    Original CWEs : ['338']
    TF-IDF recs   : ['294', '332'] (scores: [0.158, 0.131])
[⚠️ MISMATCH] CVE-2025-21620
    Original CWEs : ['200']
    TF-IDF recs   : ['698'] (scores: [0.342])
[⚠️ MISMATCH] CVE-2025-22395
    Original CWEs : ['280']
    TF-IDF recs   : ['617', '1088'] (scores: [0.162, 0.137])
[⚠️ MISMATCH] CVE-2025-22298
    Original CWEs : ['862']
    TF-IDF recs   : ['1318', '1295'] (scores: [0.2, 0.156])
[⚠️ MISMATCH] CVE-2025-22299
    Original CWEs : ['862']
    TF-IDF recs   : ['1426', '1434'] (scores: [0.228, 0.205])
[⚠️ MISMATCH] CVE-2025-22304
    Original CWEs : ['862']
    TF-IDF recs   : ['406', '1255'] (scores: [0.245, 0.21])
[⚠️ MISMATCH] CVE-2025-0294
    Original CWEs : ['74']
    TF-IDF recs   : ['89', '564'] (scores: [0.149, 0.133])
    ... (more mismatches in CVE-2025, suppressed)

📊 Consistency Summary:
  Total CVEs with CWE: 247231
  Consistent (≥1 overlap): 89827 (36.3%)
  Inconsistent (no overlap): 157404 (63.7%)

